상품명,가격,성분,나이,피부타입,피부고민,랭킹,리뷰수
[1+1올영1위] 달바 워터풀 톤업 선크림 듀오 기획(50ml+50ml),51000,"정제수, 다이부틸아디페이트, 프로판다이올, 티타늄디옥사이드, 카프릴릭/카프릭트라이글리세라이드, C12-15알킬벤조에이트, 디에칠아미노하이드록시벤조일헥실벤조에이트, 카프릴릴메티콘, 에칠헥실트리아존, 나이아신아마이드, 글리세린, 디에칠헥실부타미도트리아존, 1,2-헥산다이올, 펜틸렌글라이콜, 쇠비름추출물, 분홍바늘꽃꽃/잎/줄기추출물, 페루기네움철쭉추출물, 병풀추출물, 복사나무꽃추출물, 복숭아추출물, 세룰라타벚나무꽃추출물, 알로에베라잎추출물, 약모밀추출물, 흰서양송로추출물, 오렌지오일, 필리핀오렌지껍질오일, 소듐하이알루로네이트, 리씨열매오일, 다마스크장미꽃수, 자작나무수액, 판테놀, 폴리하이드록시스테아릭애씨드, 다이메티콘/비닐다이메티콘크로스폴리머, 브이피/에이코신코폴리머, 다이메티콘올, 트라이실록세인, 코코-카프릴레이트/카프레이트, 스테아릭애씨드, 소듐폴리아크릴로일다이메틸타우레이트, 암모늄폴리아크릴로일다이메틸타우레이트, 알루미나, 하이드록시프로필메틸셀룰로오스스테아록시에터, 다이카프릴릴카보네이트, 잔탄검, 에틸헥실글리세린, 아데노신, 소듐폴리아크릴레이트, 트라이에톡시카프릴릴실레인, t-부틸알코올, 피브이엠/엠에이코폴리머, 폴리에터-1, 하이드롤라이즈드하이알루로닉애씨드, 알란토인, 부틸렌글라이콜, 토코페롤, 다이소듐포스페이트, 시트릭애씨드, 카프릴릴글라이콜, 황색산화철, 적색산화철, 리모넨, 시트랄",20대,"건성, 복합성",None,1,3397
차앤박(CNP) 톤업프로텍션선SPF42 50ml 1+1 단독기획,28000,"정제수, 사이클로펜타실록산, 에칠헥실메톡시신나메이트, 에칠헥실살리실레이트, 징크옥사이드 (CI 77947), 사이클로헥사실록산, 부틸렌글라이콜, 피이지-10디메치콘, 티타늄디옥사이드 (CI 77891), 메칠메타크릴레이트크로스폴리머, 디프로필렌글라이콜, 에칠헥실팔미테이트, 디메치콘/비닐디메치콘크로스폴리머, 센티드제라늄꽃오일, 해수, 녹차추출물, 프랑스해안송껍질추출물, 포도씨추출물, 마치현추출물, 진주가루, 토르말린, 카프릴릴메치콘, 세틸피이지/피피지-10/1디메치콘, 디카프릴릴카보네이트, 마그네슘설페이트, 폴리메칠실세스퀴옥산, 디스테아디모늄헥토라이트, 이소아밀p-메톡시신나메이트, 비닐디메치콘/메치콘실세스퀴옥산크로스폴리머, C30-45알킬세테아릴디메치콘크로스폴리머, 알루미늄하이드록사이드, 스테아릭애씨드, 글리세릴카프릴레이트, 디메치콘, 카프릴릴글라이콜, 하이드록시아파타이트, 판테놀, 트리에톡시카프릴릴실란, 몬모릴로나이트, 바이오사카라이드검-4, 치옥틱애씨드, 유비퀴논, 1,2-헥산디올, 페녹시에탄올, 시트로넬롤, 제라니올, 시트랄, 황색산화철 (CI 77492), 적색산화철 (CI 77491)",20대,복합성,None,2,3018
[유리아PICK] 조선미녀 맑은쌀선크림 더블기획세트 50ml2,30000,"정제수, 쌀추출물, 다이부틸아디페이트, 프로판다이올, 디에칠아미노하이드록시벤조일헥실벤조에이트, 폴리메틸실세스퀴옥세인, 에칠헥실트리아존, 나이아신아마이드, 메칠렌비스-벤조트리아졸릴테트라메칠부틸페놀, 코코-카프릴레이트/카프레이트, 카프릴릴메티콘, 디에칠헥실부타미도트리아존, 글리세린, 부틸렌글라이콜, 쌀배아추출물, 녹차추출물, 락토바실러스/호박발효추출물, 바실러스/소이빈발효추출물, 사탕수수추출물, 자이언트켈프추출물, 코코넛야자열매추출물, 홍삼추출물, 홍차추출물, 모나스커스/쌀발효물, 펜틸렌글라이콜, 베헤닐알코올, 폴리C10-30알킬아크릴레이트, 폴리글리세릴-3메틸글루코오스다이스테아레이트, 데실글루코사이드, 트로메타민, 카보머, 아크릴레이트/C10-30알킬아크릴레이트크로스폴리머, 1,2-헥산다이올, 소듐스테아로일글루타메이트, 폴리아크릴레이트크로스폴리머-6, 에틸헥실글리세린, 아데노신, 잔탄검, 토코페롤, 락토바실러스/쌀발효물, 아스퍼질러스발효물, 효모/쌀발효여과액",20대,"건성, 복합성",None,3,468
라운드랩 자작나무 수분 선크림 50ml 기획(클렌저 20ml 증정),25000,"정제수, 다이부틸아디페이트, 프로판다이올, 디에칠아미노하이드록시벤조일헥실벤조에이트, 폴리메틸실세스퀴옥세인, 에칠헥실트리아존, 나이아신아마이드, 메칠렌비스-벤조트리아졸릴테트라메칠부틸페놀, 코코-카프릴레이트/카프레이트, 카프릴릴메티콘, 디에칠헥실부타미도트리아존, 글리세린, 1,2-헥산다이올, 부틸렌글라이콜, 자작나무수액(1,425ppm), 소듐하이알루로네이트, 하이알루로닉애씨드, 글리세릴글루코사이드, 다이포타슘글리시리제이트, 알란토인, 쇠비름추출물, 개똥쑥추출물, 구주소나무잎오일, 캐모마일꽃오일, 아크릴레이트/C10-30알킬아크릴레이트크로스폴리머, 소듐스테아로일글루타메이트, 폴리아크릴레이트크로스폴리머-6, 에틸헥실글리세린, 아스코빅애씨드, 아데노신, 펜틸렌글라이콜, 베헤닐알코올, 폴리C10-30알킬아크릴레이트, 폴리글리세릴-3메틸글루코오스다이스테아레이트, 데실글루코사이드, 트로메타민, 잔탄검, t-부틸알코올, 토코페롤, 카보머",20대,"건성, 복합성",None,4,9228
[1+1기획] 구달 맑은 어성초 진정 수분 선크림 50ml 1+1 기획 SPF50+ PA++++,18000,"정제수, 다이부틸아디페이트, 프로판다이올, 폴리메틸실세스퀴옥세인, 다이아이소프로필세바케이트, 디에칠아미노하이드록시벤조일헥실벤조에이트, 에칠헥실트리아존, 메칠렌비스-벤조트리아졸릴테트라메칠부틸페놀, 코코-카프릴레이트/카프레이트, 디에칠헥실부타미도트리아존, 부틸렌글라이콜, 글리세린, 1,2-헥산다이올, 카프릴릴메티콘, 약모밀추출물, 펜틸렌글라이콜, 베헤닐알코올, 폴리C10-30알킬아크릴레이트, 폴리글리세릴-3메틸글루코오스다이스테아레이트, 데실글루코사이드, 트로메타민, 카보머, 아크릴레이트/C10-30알킬아크릴레이트크로스폴리머, 소듐스테아로일글루타메이트, 폴리아크릴레이트크로스폴리머-6, 에틸헥실글리세린, 잔탄검, t-부틸알코올, 토코페롤",20대,"건성, 복합성",None,5,12241
[베스트보송톤업] 닥터지 브라이트닝 업 선 플러스 40ml+40ml,40000,"정제수, 사이클로펜타실록세인, 에칠헥실메톡시신나메이트, 징크옥사이드 (CI 77947), 사이클로헥사실록세인, 에칠헥실살리실레이트, 부틸렌글라이콜, 메틸메타크릴레이트크로스폴리머, 폴리글리세릴-3폴리다이메틸실록시에틸다이메티콘, 다이프로필렌글라이콜, 에틸헥실팔미테이트, 나이아신아마이드, 솔비탄아이소스테아레이트, 다이메티콘/비닐다이메티콘크로스폴리머, 카프릴릴메티콘, 프랑스해안송껍질추출물, 타라열매추출물, 코토니추출물, 포도씨오일, 밀몽화꽃추출물, 감나무잎추출물, 녹차추출물, 다이메티콘, 다이스테아다이모늄헥토라이트, 폴리메틸실세스퀴옥세인, 마그네슘설페이트, C30-45알킬세테아릴다이메티콘크로스폴리머, 알루미늄하이드록사이드, 스테아릭애씨드, 카프릴릴글라이콜, 글리세릴카프릴레이트, 폴리메틸메타크릴레이트, 트라이에톡시카프릴릴실레인, 1,2-헥산다이올, 프로판다이올, 다이소듐이디티에이, 폴리비닐알코올",20대,복합성,None,6,8049
닥터지 그린 마일드 업 선 플러스 기획(50ml+20ml),29000,"1. 그린마일드 업 선 플러스 50ml(본품+구성품)
정제수, 징크옥사이드, 프로판다이올, 부틸옥틸살리실레이트, 프로필헵틸카프릴레이트, 코코-카프릴레이트/카프레이트, 사이클로헥사실록세인, 카프릴릴메티콘, 아이소도데케인, 폴리글리세릴-3폴리다이메틸실록시에틸다이메티콘, 메틸트라이메티콘, 메틸메타크릴레이트크로스폴리머, 다이스테아다이모늄헥토라이트, 마그네슘설페이트, 트라이에톡시카프릴릴실레인, 1,2-헥산다이올, 폴리글리세릴-2다이폴리하이드록시스테아레이트, 라우릴폴리글리세릴-3폴리다이메틸실록시에틸다이메티콘, 폴리메틸실세스퀴옥세인, 글리세릴카프릴레이트, 카프릴릴글라이콜, 에틸헥실글리세린, 소듐하이알루로네이트, 부틸렌글라이콜, 토코페롤, 병풀추출물, 타라열매추출물, 프랑스해안송껍질추출물, 코토니추출물, 7-데하이드로콜레스테롤, 약모밀추출물, 엑토인, 밀몽화꽃추출물, 락토바실러스발효물, 하이드록시신나믹애씨드, 루틴",30대,복합성,None,7,18763
[1+1 기획] 구달 맑은 어성초 진정 무기자차 선크림 50ml 1+1 기획 SPF50+ PA++++,20000,"정제수, 징크옥사이드, 부틸옥틸살리실레이트, 사이클로헥사실록세인, 카프릴릴메티콘, 프로판다이올, 프로필헵틸카프릴레이트, 메틸트라이메티콘, 폴리글리세릴-3폴리다이메틸실록시에틸다이메티콘, 메틸메타크릴레이트크로스폴리머, 트라이메틸실록시실리케이트, 어성초추출물(=약모밀추출물, 3,500ppm), 올리브오일, 소듐하이알루로네이트, 분비나무오일, 로즈마리잎오일, 클레리오일, 센티드제라늄꽃오일, 클로브잎오일, 광곽향오일, 마트리카리아꽃오일, 멕시칸주니퍼오일, 캐모마일꽃오일, 다이스테아다이모늄헥토라이트, 마그네슘설페이트, 라우릴폴리글리세릴-3폴리다이메틸실록시에틸다이메티콘, 트라이에톡시카프릴릴실레인, 폴리글리세릴-2다이폴리하이드록시스테아레이트, 1,2-헥산다이올, 폴리메틸실세스퀴옥세인, 다이메티콘/비닐다이메티콘크로스폴리머, 카프릴릴글라이콜, 글리세릴카프릴레이트, 다이메티콘올, 트라이실록세인, 에틸헥실글리세린, 토코페롤, 마데카소사이드, 징크락테이트, 판테놀, 옥타데케인, 락틱애씨드/글라이콜릭애씨드코폴리머, 부틸렌글라이콜, 펜틸렌글라이콜, 마그네슘아스파테이트, 징크글루코네이트, 카퍼글루코네이트, 다이메틸실란올하이알루로네이트, 하이드롤라이즈드소듐하이알루로네이트, 하이드롤라이즈드하이알루로닉애씨드, 잔탄검, 포타슘하이알루로네이트, 하이알루로닉애씨드, 소듐하이알루로네이트크로스폴리머, 하이드록시프로필트라이모늄하이알루로네이트, 소듐하이알루로네이트다이메틸실란올, 소듐아세틸레이티드하이알루로네이트",20대,복합성,None,8,2072
[베스트밀착차단] 셀퓨전씨 레이저 썬스크린 100 50ml 기획(쿨링패드 2매입2),42000,"정제수, 사이클로펜타실록산, 에칠헥실메톡시신나메이트, 부틸렌글라이콜, 에칠헥실살리실레이트, 징크옥사이드, 디카프릴릴카보네이트, 디프로필렌글라이콜, 티타늄디옥사이드, 라우릴피이지-8디메치콘, 피이지-10디메치콘, 디메치콘, 디스테아디모늄헥토라이트, 토코페릴아세테이트, 마그네슘설페이트, 디메치콘/비닐디메치콘크로스폴리머, 메칠메타크릴레이트크로스폴리머,페닐트리메치콘, 알루미늄하이드록사이드, 알루미늄스테아레이트, 메치콘, 폴리글리세릴-6폴리리시놀리에이트, 글리세릴카프릴레이트, 카프릴릴글라이콜, 디소듐이디티에이, 유비퀴논, 하이드롤라이즈드콜라겐, 아세틸헥사펩타이드-8, 향료, 페녹시에탄올, 하이드록시시트로넬알, 부틸페닐메틸프로피오날, 리날룰, 시트로넬올, 헥실신나몰, 알파-아이소메틸아이오논","20대,30대",복합성,None,9,19411
식물나라 산소수생기톤업선쿠션 리필기획 2color (2304),24800,"[1호 뽀얀 화이트]
정제수,부틸옥틸살리실레이트,징크옥사이드,아이소데실네오펜타노에이트,티타늄디옥사이드,메틸트라이메티콘,부틸렌글라이콜,부틸렌글라이콜다이카프릴레이트/다이카프레이트,폴리글리세릴-3폴리리시놀리에이트,메틸메타크릴레이트크로스폴리머,나이아신아마이드,아이소노닐아이소노나노에이트,카프릴릴메티콘,폴리글리세릴-4아이소스테아레이트,마그네슘설페이트,나일론-12,알루미늄하이드록사이드,다이스테아다이모늄헥토라이트,아이소도데케인,스테아릭애씨드,솔비탄아이소스테아레이트,카프릴릭/카프릭글리세라이즈,아크릴레이트/폴리트라이메틸실록시메타크릴레이트코폴리머,트라이에톡시카프릴릴실레인,1,2-헥산다이올,폴리글리세릴-3리시놀리에이트,브이피/헥사데센코폴리머,아크릴레이트/스테아릴아크릴레이트/다이메티콘메타크릴레이트코폴리머,폴리메틸실세스퀴옥세인,아데노신,산소(0.42ppm),향료,티타늄디옥사이드(CI 77891)

[2호 생기피치]
정제수,징크옥사이드,티타늄디옥사이드,아이소데실네오펜타노에이트,메틸트라이메티콘,부틸렌글라이콜다이카프릴레이트/다이카프레이트,부틸옥틸살리실레이트,아이소노닐아이소노나노에이트,부틸렌글라이콜,카프릴릴메티콘,폴리글리세릴-3폴리리시놀리에이트,메틸메타크릴레이트크로스폴리머,나이아신아마이드,폴리글리세릴-4아이소스테아레이트,마그네슘설페이트,브이피/헥사데센코폴리머,아크릴레이트/폴리트라이메틸실록시메타크릴레이트코폴리머,아크릴레이트/스테아릴아크릴레이트/다이메티콘메타크릴레이트코폴리머,폴리메틸실세스퀴옥세인,알루미늄하이드록사이드,나일론-12,다이스테아다이모늄헥토라이트,스테아릭애씨드,솔비탄아이소스테아레이트,카프릴릭/카프릭글리세라이즈,아이소도데케인,트라이에톡시카프릴릴실레인,1,2-헥산다이올,폴리글리세릴-3리시놀리에이트,향료,아데노신,산소(0.42ppm),티타늄디옥사이드(CI 77891),황색산화철,적색산화철",20대,복합성,None,10,5970
[수분진정] 넘버즈인 1번 청초 진정맑은 물막선크림 50ml+50ml 듀오기획 (SPF50+PA++++),26000,"스페인감초뿌리수(20.55%), 병풀추출물(15%), 약모밀추출물(14.25%), 정제수, 다이부틸아디페이트, 프로판다이올, 부틸옥틸살리실레이트, 에칠헥실트리아존, 테레프탈릴리덴디캠퍼설포닉애씨드, 폴리메틸실세스퀴옥세인, 나이아신아마이드, 트로메타민, 폴리글리세릴-3다이스테아레이트, 1,2-헥산다이올, 펜틸렌글라이콜, 디에칠아미노하이드록시벤조일헥실벤조에이트, 세테아릴알코올, 카프릴릴메티콘, 폴리실리콘-15, 인도멀구슬나무잎추출물, 아이비고드열매추출물, 한련초추출물, 인도멀구슬나무꽃추출물, 트루로즈오브예리코추출물, 히아신스전초추출물, 각시둥굴레뿌리줄기/뿌리추출물, 구기자추출물, 녹용추출물, 소엽맥문동뿌리추출물, 하수오뿌리추출물, 황기뿌리추출물, 모창출뿌리추출물, 다시마추출물, 당느릅나무뿌리추출물, 알로에베라잎추출물, 제비꽃꽃추출물, 참마뿌리추출물, 소듐하이알루로네이트, 글리세릴스테아레이트, 비스-에칠헥실옥시페놀메톡시페닐트리아진, 포타슘세틸포스페이트, 부틸렌글라이콜, 메틸프로판다이올, 카보머, 아크릴레이트/C10-30알킬아크릴레이트크로스폴리머, 글리세릴스테아레이트시트레이트, 에틸헥실글리세린, 잔탄검, 아데노신, 폴리에터-1, 마데카소사이드, 바이오사카라이드검-1, 글리세린, 다이메틸실란올하이알루로네이트, 하이드롤라이즈드소듐하이알루로네이트, 하이드롤라이즈드하이알루로닉애씨드, 포타슘하이알루로네이트, 하이알루로닉애씨드, 소듐하이알루로네이트크로스폴리머, 하이드록시프로필트라이모늄하이알루로네이트, 소듐하이알루로네이트다이메틸실란올, 소듐아세틸레이티드하이알루로네이트",20대,"건성, 복합성",None,11,1912
[올영1위812만개 판매] 달바 워터풀 에센스 선크림 듀오 기획(50ml+50ml),51000,"정제수, 에칠헥실메톡시신나메이트, 호모살레이트, 부틸렌글라이콜, 에칠헥실살리실레이트, 디에칠아미노하이드록시벤조일헥실벤조에이트, 실리카, 에칠헥실트리아존, 나이아신아마이드, 벤조트라이아졸릴도데실p-크레솔, 1,2-헥산다이올, 카프릴릴메티콘, 펜틸렌글라이콜, 멕시칸치아씨추출물, 병풀추출물, 쇠비름추출물, 약모밀추출물, 울금뿌리추출물, 풍선덩굴꽃/잎/덩굴추출물, 흰서양송로추출물, 포도주추출물, 오렌지오일, 필리핀오렌지껍질오일, 에키움 플란타기네움씨오일, 리씨열매오일, 해바라기씨오일, 폴리메틸실세스퀴옥세인, 카프릴릭/카프릭/석시닉트라이글리세라이드, 암모늄아크릴로일다이메틸타우레이트/브이피코폴리머, 프로판다이올, 사카라이드하이드롤리세이트, 옥틸도데칸올, 아크릴레이트/C10-30알킬아크릴레이트크로스폴리머, 트로메타민, 하이드록시프로필메틸셀룰로오스스테아록시에터, 에틸헥실글리세린, 아데노신, 해바라기씨오일불검화물, 자일리틸글루코사이드, 안하이드로자일리톨, 자일리톨, 토코페롤, 소듐피씨에이, 글루코오스, 리모넨, 시트랄",20대,"건성, 복합성",None,12,4933
식물나라 산소수가벼운수분선젤로션 SPF50+ PA++++ 더블 기획 (60ml+60ml),25800,"정제수, 프로판다이올, 사이클로펜타실록세인, 에칠헥실살리실레이트, 호모살레이트, 다이부틸아디페이트, 나이아신아마이드, 비스-에칠헥실옥시페놀메톡시페닐트리아진, 메칠렌비스-벤조트리아졸릴테트라메칠부틸페놀, 폴리메틸실세스퀴옥세인, 폴리실리콘-15, 디에칠아미노하이드록시벤조일헥실벤조에이트, 카프릴릴메티콘, 소듐하이알루로네이트, 1,2-헥산다이올, 펜틸렌글라이콜, 글리세린, 베헤닐알코올, 실리카, 폴리글리세릴-3메틸글루코오스다이스테아레이트, 트로메타민, 데실글루코사이드, 카보머, 부틸렌글라이콜, 판테놀, 아크릴레이트/C10-30알킬아크릴레이트크로스폴리머, 소듐폴리아크릴레이트, 소듐스테아로일글루타메이트, 폴리아크릴레이트크로스폴리머-6, 에틸헥실글리세린, 아데노신, 폴리에터-1, 프로필렌글라이콜, 잔탄검, 산소(1ppm), 향료",20대,복합성,None,13,16626
[베스트민감피부] 닥터지 그린 마일드 업 선 플러스 40ml+40ml,37000,"정제수, 징크옥사이드, 프로판다이올, 부틸옥틸살리실레이트, 프로필헵틸카프릴레이트, 코코-카프릴레이트/카프레이트, 사이클로헥사실록세인, 카프릴릴메티콘, 아이소도데케인, 폴리글리세릴-3폴리다이메틸실록시에틸다이메티콘, 메틸트라이메티콘, 메틸메타크릴레이트크로스폴리머, 다이스테아다이모늄헥토라이트, 마그네슘설페이트, 트라이에톡시카프릴릴실레인, 1,2-헥산다이올, 폴리글리세릴-2다이폴리하이드록시스테아레이트, 라우릴폴리글리세릴-3폴리다이메틸실록시에틸다이메티콘, 폴리메틸실세스퀴옥세인, 글리세릴카프릴레이트, 카프릴릴글라이콜, 에틸헥실글리세린, 소듐하이알루로네이트, 부틸렌글라이콜, 토코페롤, 병풀추출물, 타라열매추출물, 프랑스해안송껍질추출물, 코토니추출물, 7-데하이드로콜레스테롤, 약모밀추출물, 엑토인, 밀몽화꽃추출물, 락토바실러스발효물, 하이드록시신나믹애씨드, 루틴",20대,복합성,None,14,20278
헤라 UV프로텍터 톤업 50ml (SPF50+PA4+),45000,"정제수, 에칠헥실메톡시신나메이트, 글리세린, 부틸렌글라이콜, 비스-에칠헥실옥시페놀메톡시페닐트리아진, 디에칠아미노하이드록시벤조일헥실벤조에이트, 다이부틸아디페이트, 티타늄디옥사이드, 메틸트라이메티콘, C12-15알킬벤조에이트, 다이메티콘, 실리카, 티타늄디옥사이드 (CI 77891), 나이아신아마이드, 트라이실록세인, 1,2-헥산다이올, 세테아릴알코올, 폴리C10-30알킬아크릴레이트, 하이드록시에틸아크릴레이트/소듐아크릴로일다이메틸타우레이트코폴리머, 알루미늄스테아레이트, 알루미나, 스테아릭애씨드, 폴리하이드록시스테아릭애씨드, 폴리메틸메타크릴레이트, 아크릴레이트/C10-30알킬아크릴레이트크로스폴리머, 글리세릴스테아레이트, 향료, 하이드로제네이티드레시틴, 글리세릴카프릴레이트, 티몰트라이메톡시신나메이트, 트로메타민, 폴리글리세릴-3메틸글루코오스다이스테아레이트, 팔미틱애씨드, 다이소듐이디티에이, 에틸헥실글리세린, 아데노신, 알루미늄하이드록사이드, 적색산화철, 솔비탄아이소스테아레이트, 트라이에톡시카프릴릴실레인, 황색산화철, 토코페릴아세테이트, 3-O-에틸아스코빅애씨드, 락토바실러스/부레옥잠발효물, 만니톨, 프로판다이올, 에틸헥실팔미테이트, 비에이치티, 리모넨, 리날룰, 펜틸렌글라이콜, 미리스틱애씨드, 페녹시에탄올, 라우릭애씨드, 소듐데하이드로아세테이트, 카보머, 소듐시트레이트, 포타슘솔베이트, 토코페롤, 메톡시피이지-114/폴리엡실론카프로락톤, 카프릴릴글라이콜, 복사나무잎추출물, 해바라기씨오일, 라이신, 알지닌, 히스티딘, 시트릭애씨드, 베타-카로틴, 글루코오스, 자일로오스, 디엔에이, 바이오틴, 만노오스, 소듐클로라이드, 레시틴, 하이드로제네이티드포스파티딜콜린, 카퍼트라이펩타이드-1, 소듐포스페이트, 덱스트린, 하이드롤라이즈드오크라추출물, 콜레스테롤, 푸코오스, 다이팔미토일하이드록시프롤린, 아크릴레이트/스테아릴메타크릴레이트코폴리머, 포타슘클로라이드, 포타슘포스페이트, 마그네슘클로라이드, 하이드롤라이즈드기장, 칼슘클로라이드","20대,30대","건성, 복합성",None,15,261
[베스트보송톤업] 닥터지 브라이트닝 업 선 플러스 기획(50ml+20ml),32000,"1. 닥터지 브라이트닝 업 선 플러스 50ml(본품+구성품)
정제수, 사이클로펜타실록세인, 에칠헥실메톡시신나메이트, 징크옥사이드 (CI 77947), 사이클로헥사실록세인, 에칠헥실살리실레이트, 부틸렌글라이콜, 메틸메타크릴레이트크로스폴리머, 폴리글리세릴-3폴리다이메틸실록시에틸다이메티콘, 티타늄디옥사이드 (CI 77891), 다이프로필렌글라이콜, 에틸헥실팔미테이트, 나이아신아마이드, 비닐다이메티콘/메티콘실세스퀴옥세인크로스폴리머, 솔비탄아이소스테아레이트, 다이메티콘/비닐다이메티콘크로스폴리머, 카프릴릴메티콘, 프랑스해안송껍질추출물, 타라열매추출물, 코토니추출물, 포도씨오일, 밀몽화꽃추출물, 감나무잎추출물, 녹차추출물, 다이메티콘, 다이스테아다이모늄헥토라이트, 폴리메틸실세스퀴옥세인, 마그네슘설페이트, C30-45알킬세테아릴다이메티콘크로스폴리머, 알루미늄하이드록사이드, 스테아릭애씨드, 카프릴릴글라이콜, 글리세릴카프릴레이트, 폴리메틸메타크릴레이트, 트라이에톡시카프릴릴실레인, 1,2-헥산다이올, 프로판다이올, 다이소듐이디티에이, 폴리비닐알코올, 황색산화철 (CI 77492), 적색산화철 (CI 77491)",20대,복합성,None,16,7881
넘버즈인 3번 도자기결 파데스킵 톤업베이지 50ml (SPF50+ PA++++),26000,"정제수, 징크옥사이드, 사이클로헥사실록세인, 프로판다이올, 프로필헵틸카프릴레이트, 카프릴릴메티콘, 트라이메틸실록시실리케이트, 폴리글리세릴-3폴리다이메틸실록시에틸다이메티콘, 티타늄디옥사이드, 나이아신아마이드, 다이실록세인, 부틸옥틸살리실레이트, 병풀추출물, 호장근뿌리추출물, 황금추출물, 녹차추출물, 로즈마리잎추출물, 마트리카리아꽃추출물, 사철쑥추출물, 스페인감초뿌리추출물, 약모밀추출물, 티트리추출물, 로즈마리잎오일, 다이스테아다이모늄헥토라이트, 마그네슘설페이트, 트라이에톡시카프릴릴실레인, 1,2-헥산다이올, 폴리글리세릴-2다이폴리하이드록시스테아레이트, 라우릴폴리글리세릴-3폴리다이메틸실록시에틸다이메티콘, 메틸메타크릴레이트크로스폴리머, 폴리메틸실세스퀴옥세인, 다이카프릴릴카보네이트, 글리세릴카프릴레이트, 카프릴릴글라이콜, 마이카, 알루미늄하이드록사이드, 에틸헥실글리세린, 퍼플루오로옥틸트라이에톡시실레인, 토코페롤, 부틸렌글라이콜, 펜틸렌글라이콜, 황색산화철, 적색산화철, 흑색산화철",20대,복합성,None,17,4844
조선미녀 맑은쌀선크림 50ml,18000,"정제수, 쌀추출물, 다이부틸아디페이트, 프로판다이올, 디에칠아미노하이드록시벤조일헥실벤조에이트, 폴리메틸실세스퀴옥세인, 에칠헥실트리아존, 나이아신아마이드, 메칠렌비스-벤조트리아졸릴테트라메칠부틸페놀, 코코-카프릴레이트/카프레이트, 카프릴릴메티콘, 디에칠헥실부타미도트리아존, 글리세린, 부틸렌글라이콜, 쌀배아추출물, 녹차추출물, 락토바실러스/호박발효추출물, 바실러스/소이빈발효추출물, 사탕수수추출물, 자이언트켈프추출물, 코코넛야자열매추출물, 홍삼추출물, 홍차추출물, 모나스커스/쌀발효물, 펜틸렌글라이콜, 베헤닐알코올, 폴리C10-30알킬아크릴레이트, 폴리글리세릴-3메틸글루코오스다이스테아레이트, 데실글루코사이드, 트로메타민, 카보머, 아크릴레이트/C10-30알킬아크릴레이트크로스폴리머, 1,2-헥산다이올, 소듐스테아로일글루타메이트, 폴리아크릴레이트크로스폴리머-6, 에틸헥실글리세린, 아데노신, 잔탄검, 토코페롤, 락토바실러스/쌀발효물, 아스퍼질러스발효물, 효모/쌀발효여과액",30대,"건성, 복합성",None,18,302
에스트라 더마UV365 장벽수분 무기자차 선크림 40ml 1+1 기획,31000,"정제수, 징크옥사이드, 사이클로헥사실록세인, 프로판다이올, 부틸옥틸살리실레이트, 프로필헵틸카프릴레이트, 아이소도데케인, 폴리글리세릴-3폴리다이메틸실록시에틸다이메티콘, 카프릴릴메티콘, 다이실록세인, 다이스테아다이모늄헥토라이트, 마그네슘설페이트, 트라이에톡시카프릴릴실레인, 1,2-헥산다이올, 폴리메틸실세스퀴옥세인, 폴리글리세릴-2다이폴리하이드록시스테아레이트, 라우릴폴리글리세릴-3폴리다이메틸실록시에틸다이메티콘, 알란토인, 카프릴릴글라이콜, 글리세릴카프릴레이트, 에틸헥실글리세린, 소듐하이알루로네이트, 세라마이드엔피, 토코페롤, 소듐아세틸레이티드하이알루로네이트, 하이드롤라이즈드하이알루로닉애씨드",20대,복합성,None,19,1725
[베스트밀착차단] 셀퓨전씨 레이저 썬스크린 더블기획 (35ml+35ml),29400,"정제수, 사이클로펜타실록산, 에칠헥실메톡시신나메이트, 부틸렌글라이콜, 에칠헥실살리실레이트, 징크옥사이드, 디카프릴릴카보네이트, 디프로필렌글라이콜, 티타늄디옥사이드, 라우릴피이지-8디메치콘, 피이지-10디메치콘, 디메치콘, 디스테아디모늄헥토라이트, 토코페릴아세테이트, 마그네슘설페이트, 디메치콘/비닐디메치콘크로스폴리머, 메칠메타크릴레이트크로스폴리머,페닐트리메치콘, 알루미늄하이드록사이드, 알루미늄스테아레이트, 메치콘, 폴리글리세릴-6폴리리시놀리에이트, 글리세릴카프릴레이트, 카프릴릴글라이콜, 디소듐이디티에이, 유비퀴논, 하이드롤라이즈드콜라겐, 아세틸헥사펩타이드-8, 향료, 페녹시에탄올, 하이드록시시트로넬알, 부틸페닐메틸프로피오날, 리날룰, 시트로넬올, 헥실신나몰, 알파-아이소메틸아이오논",20대,복합성,None,20,8940
메이크프렘 유브이 디펜스 미 노 세범 선크림 40ml 1+1 기획,28000,"정제수,징크옥사이드,사이클로헥사실록세인,부틸옥틸살리실레이트,프로판다이올,프로필헵틸카프릴레이트,아이소도데케인,카프릴릴메티콘,폴리글리세릴-3폴리다이메틸실록시에틸다이메티콘,메틸메타크릴레이트크로스폴리머,메틸트라이메티콘,센티드제라늄추출물,달맞이꽃꽃추출물,당느릅나무뿌리추출물,대왕송잎추출물,칡뿌리추출물,바실러스/소이빈발효추출물,연필향나무오일,리씨열매오일,소듐하이알루로네이트,베티버뿌리오일,소두구씨오일,푸른연꽃수,다이스테아다이모늄헥토라이트,마그네슘설페이트,트라이에톡시카프릴릴실레인,1,2-헥산다이올,폴리글리세릴-2다이폴리하이드록시스테아레이트,폴리메틸실세스퀴옥세인,라우릴폴리글리세릴-3폴리다이메틸실록시에틸다이메티콘,글리세릴카프릴레이트,카프릴릴글라이콜,에틸헥실글리세린,토코페롤,부틸렌글라이콜,폴릭애씨드",30대,"지성, 복합성",None,21,1478
김정문알로에 큐어 알로에 수딩젤 리뉴얼 150ml 1+1기획,9900,"알로에베라잎즙(89.4%),디프로필렌글라이콜,1,2-헥산디올,에탄올,글리세린,트로메타민,카보머,피이지-40하이드로제네이티드캐스터오일,피피지-26-부테스-26,향료,디소듐이디티에이,마치현추출물,베타인,판테놀,정제수,포타슘소르베이트,부틸렌글라이콜,뽕나무뿌리추출물,세이지잎추출물,칸델라브라알로에잎추출물,트레할로스,화이트윌로우껍질추출물,락토바실러스/콩발효추출물,오레가노잎추출물,육계추출물,황금추출물,편백나무잎추출물,로즈마리잎추출물,히비스커스꽃추출물,홍화추출물",20대,"건성, 복합성",None,22,1329
[더보이즈 큐PICK]듀이트리 어반쉐이드 더마 판테놀5 수분 장벽 선 1+1기획(40ml+40ml),30000,"정제수, 징크옥사이드, 사이클로헥사실록세인, 부틸옥틸살리실레이트, 판테놀, 프로판다이올, 프로필헵틸카프릴레이트, 아이소도데케인, 폴리글리세릴-3폴리다이메틸실록시에틸다이메티콘, 카프릴릴메티콘, 메틸메타크릴레이트크로스폴리머, 다이스테아다이모늄헥토라이트, 다시마추출물, 한련초잎추출물, 비타민나무열매오일, 자작나무수액, 하이드로제네이티드레시틴, 마그네슘설페이트, 트라이에톡시카프릴릴실레인, 1,2-헥산다이올, 폴리글리세릴-2다이폴리하이드록시스테아레이트, 라우릴폴리글리세릴-3폴리다이메틸실록시에틸다이메티콘, 글리세릴카프릴레이트, 카프릴릴글라이콜, 에틸헥실글리세린, 토코페롤, 세라마이드엔피, 알란토인, 베타-시토스테롤, 피토스테롤, 글리세린, 다이프로필렌글라이콜, 부틸렌글라이콜, 프룩토올리고사카라이드, 베타-글루칸, 하이드롤라이즈드하이알루로닉애씨드",20대,"건성, 복합성",None,23,201
[디렉터파이개발]에뛰드 순정 디렉터 수분 선크림 1+1기획(50ml+50ml),25000,"정제수, 다이부틸아디페이트, 프로판다이올, 부틸렌글라이콜, 에칠헥실트리아존, 테레프탈릴리덴디캠퍼설포닉애씨드, 폴리글리세릴-3다이스테아레이트, 트로메타민, 1,2-헥산다이올, 펜틸렌글라이콜, 세테아릴알코올, 디에칠아미노하이드록시벤조일헥실벤조에이트, 폴리실리콘-15, 글리세릴스테아레이트, 비스-에칠헥실옥시페놀메톡시페닐트리아진, 포타슘세틸포스페이트, 메틸프로판다이올, 실리카, 카보머, 병풀추출물, 글리세릴스테아레이트시트레이트, 아크릴레이트/C10-30알킬아크릴레이트크로스폴리머, 에틸헥실글리세린, 암모늄아크릴로일다이메틸타우레이트/브이피코폴리머, 폴리에터-1, 다이소듐이디티에이, 바이오사카라이드검-1, 알란토인, 판테놀, 토코페롤, 마데카소사이드",20대,"건성, 복합성",None,24,6996
[증량기획] 에스쁘아 워터 스플래쉬 선크림 세라마이드 60ml+20ml 세트,22000,"정제수, 부틸렌글라이콜, C12-15알킬벤조에이트, 에칠헥실메톡시신나메이트, 티타늄디옥사이드, 비스-에칠헥실옥시페놀메톡시페닐트리아진, 디에칠아미노하이드록시벤조일헥실벤조에이트, 사이클로펜타실록세인, 실리카, 사이클로헥사실록세인, 다이페닐실록시페닐트라이메티콘, 1,2-헥산다이올, 폴리아크릴레이트-13, 알루미늄스테아레이트, 폴리하이드록시스테아릭애씨드, 알루미나, 폴리아이소부텐, 스테아릭애씨드, 향료, 카프릴릴글라이콜, 카보머, 다이소듐이디티에이, 에틸헥실글리세린, 폴리솔베이트20, 솔비탄아이소스테아레이트, 적색산화철, 황색산화철, 세라마이드엔피, 프로판다이올, 비에이치티, 병풀꽃/잎/줄기추출물, 창포뿌리추출물, 토코페롤, 아세틸테트라펩타이드-5",20대,"건성, 복합성",None,25,1894
[디렉터파이개발]에뛰드 순정 디렉터 무기자차 선크림 1+1기획 (50ml+50ml),25000,"정제수, 아이소노닐아이소노나노에이트, 징크옥사이드, 프로판다이올, C12-15알킬벤조에이트, 부틸옥틸살리실레이트, 티타늄디옥사이드, 실리카, 헥실라우레이트, 아크릴레이트코폴리머, 아이소트라이데실아이소노나노에이트, 폴리글리세릴-4다이아이소스테아레이트/폴리하이드록시스테아레이트/세바케이트, 폴리글리세릴-2아이소스테아레이트, 폴리글리세릴-2다이폴리하이드록시스테아레이트, 마그네슘설페이트, 1,2-헥산다이올, 다이스테아다이모늄헥토라이트, 다이메티콘크로스폴리머, 브이피/헥사데센코폴리머, 코코-카프릴레이트/카프레이트, 폴리하이드록시스테아릭애씨드, 폴리글리세릴-6폴리리시놀리에이트, 솔비탄세스퀴올리에이트, 트라이에톡시카프릴릴실레인, 병풀추출물, 폴리C10-30알킬아크릴레이트, 알루미늄하이드록사이드, 솔비탄아이소스테아레이트, 스테아릭애씨드, 폴리글리세릴-6폴리하이드록시스테아레이트, 피브이피, 병풀꽃/잎/줄기추출물, 폴리글리세린-6, 에틸헥실글리세린, 토코페롤, 아스코빌팔미테이트, 판테놀, 마데카소사이드, 아시아티코사이드, 병풀잎추출물",20대,복합성,None,26,3472
토코보 바이오 워터리 선크림 50mL SPF50+ PA++++,24000,"정제수, 다이부틸아디페이트, 프로판다이올, 에칠헥실트리아존, 테레프탈릴리덴디캠퍼설포닉애씨드, 폴리글리세릴-3다이스테아레이트, 나이아신아마이드, 트로메타민, 세테아릴알코올, 1,2-헥산다이올, 디에칠아미노하이드록시벤조일헥실벤조에이트, 펜틸렌글라이콜, 폴리실리콘-15, 녹두추출물, 코튼추출물, 고삼뿌리추출물, 장엽대황뿌리/줄기추출물, 황금추출물, 황벽나무껍질추출물, 달맞이꽃꽃추출물, 당느릅나무뿌리추출물, 대왕송잎추출물, 칡뿌리추출물, 소듐하이알루로네이트, 코튼씨오일, 폴리메틸실세스퀴옥세인, 소듐폴리아크릴로일다이메틸타우레이트, 글리세릴스테아레이트, 비스-에칠헥실옥시페놀메톡시페닐트리아진, 포타슘세틸포스페이트, 글리세린, 글리세릴스테아레이트시트레이트, 이눌린라우릴카바메이트, 암모늄아크릴로일다이메틸타우레이트/브이피코폴리머, 에틸헥실글리세린, 아데노신, 부틸렌글라이콜, 토코페롤, 향료",20대,"건성, 복합성",None,27,1323
[프롬젤라PICK] 톤핏선 비건 파데프리 핑베 테라조쿠션 SPF50+ PA++++,24000,"정제수, 징크옥사이드, 부틸렌글라이콜다이카프릴레이트/다이카프레이트, 티타늄디옥사이드, 아이소도데케인, 부틸렌글라이콜, 부틸옥틸살리실레이트, 헥실라우레이트, 폴리글리세릴-3폴리리시놀리에이트, 나이아신아마이드, 트라이메틸실록시실리케이트, C18-21알케인,티타늄디옥사이드 (CI 77891), 마그네슘설페이트, 폴리글리세릴-3다이아이소스테아레이트, 폴리글리세릴-4아이소스테아레이트, 알루미늄하이드록사이드, 카프릴릭/카프릭글리세라이즈, 스테아릭애씨드, 실리카, 쿼터늄-90벤토나이트, 폴리메틸메타크릴레이트, 마이카, C13-14아이소알케인, 아크릴레이트/폴리트라이메틸실록시메타크릴레이트코폴리머, 트라이에톡시카프릴릴실레인, 1,2-헥산다이올, 폴리글리세릴-3리시놀리에이트, 트라이메틸실록시실리케이트/다이메티콘올크로스폴리머,레시틴, 폴리하이드록시스테아릭애씨드, 아데노신, 아이소스테아릭애씨드, 아이소프로필미리스테이트, 에틸렌/프로필렌/스타이렌코폴리머, 에틸헥실팔미테이트, 메티콘, 부틸렌/에틸렌/스타이렌코폴리머, 스쿠알란, 폴리글루타믹애씨드, 펜타에리스리틸테트라-다이-t-부틸하이드록시하이드로신나메이트, 사과추출물, 향료, 황색산화철, 적색산화철",30대,복합성,None,28,690
라운드랩 자작나무 수분 톤업 선크림 50ml 기획(클렌저 20ml 증정),25000,"[본품 : 자작나무 수분 톤업 선크림]
정제수, 프로판다이올, 다이부틸아디페이트, 티타늄디옥사이드 (CI 77891), 비스-에칠헥실옥시페놀메톡시페닐트리아진, 부틸렌글라이콜, 디에칠아미노하이드록시벤조일헥실벤조에이트, 메틸트라이메티콘, 부틸옥틸살리실레이트, 나이아신아마이드, 페네틸벤조에이트, 아이소노닐아이소노나노에이트, 폴리메틸실세스퀴옥세인, 1,2-헥산다이올, 자작나무수액, 소듐하이알루로네이트, 하이알루로닉애씨드, 글리세릴글루코사이드, 개똥쑥추출물, 캐모마일꽃오일, 구주소나무잎오일, 알란토인, 다이포타슘글리시리제이트, 판테놀, 녹차씨오일, 효모발효추출물, 칸디다 봄비콜라/글루코오스/메틸레이프씨데이트발효물, 에칠헥실트리아존, 펜틸렌글라이콜, 폴리글리세릴-3메틸글루코오스다이스테아레이트, 폴리실리콘-15, 스테아릭애씨드, 팔미틱애씨드, 폴리하이드록시스테아릭애씨드, 포타슘세틸포스페이트, 알루미늄하이드록사이드, 글리세릴스테아레이트, 하이드록시아세토페논, 폴리C10-30알킬아크릴레이트, 아이소도데케인, 옥틸도데칸올, 아크릴레이트/C10-30알킬아크릴레이트크로스폴리머, 하이드록시에틸아크릴레이트/소듐아크릴로일다이메틸타우레이트코폴리머, 트로메타민, 하이드로제네이티드레시틴, 비닐다이메티콘/메티콘실세스퀴옥세인크로스폴리머, 폴리글리세릴-4아이소스테아레이트, 폴리글리세릴-2다이폴리하이드록시스테아레이트, 아이소프로필티타늄트라이아이소스테아레이트, 아데노신, 소듐폴리아크릴레이트, 솔비탄아이소스테아레이트, 폴리메틸메타크릴레이트, 글리세릴카프릴레이트, 글리세린, 아스코빅애씨드, C12-16알코올, 세테아릴알코올, 다이소듐이디티에이, 황색산화철 (CI 77492), 적색산화철 (CI 77491), 흑색산화철 (CI 77499)

[증정품 : 자작나무 수분 클렌저]
정제수, 글리세린, 소듐코코일알라니네이트, 라우릴하이드록시설테인, 다이소듐코코암포다이아세테이트, 소듐메틸코코일타우레이트, 아크릴레이트/C10-30알킬아크릴레이트크로스폴리머, 자작나무수액(10,000ppm), 부틸렌글라이콜, 소듐하이알루로네이트, 하이알루로닉애씨드, 소듐클로라이드, 글리세릴글루코사이드, 아스코빅애씨드, 1,2-헥산다이올, 개똥쑥추출물, 캐모마일꽃오일, 구주소나무잎오일, 퀼라자껍질추출물, 카프릴릴글라이콜, 코코-글루코사이드, 글리세릴카프릴레이트, 소듐코코일이세티오네이트, 헥실렌글라이콜, 시트릭애씨드, 다이소듐이디티에이",30대,"건성, 복합성",None,29,1008
[무기자차논나노] 로벡틴 아쿠아 수딩 선크림 35ml 1+1 기획세트,42000,"정제수, 징크옥사이드, 사이클로헥사실록세인, 부틸옥틸살리실레이트, 프로판다이올, 프로필헵틸카프릴레이트, 다이카프릴릴에터, 카프릴릴메티콘, 폴리글리세릴-3폴리다이메틸실록시에틸다이메티콘, 나이아신아마이드, 별꽃추출물, 해바라기꽃추출물, 월귤추출물, 케이프알로에잎추출물, 병풀추출물, 다이스테아다이모늄헥토라이트, 마그네슘설페이트, 트라이에톡시카프릴릴실레인, 1,2-헥산다이올, 메틸메타크릴레이트크로스폴리머, 폴리글리세릴-2다이폴리하이드록시스테아레이트, 라우릴폴리글리세릴-3폴리다이메틸실록시에틸다이메티콘, 부틸렌글라이콜, 글리세릴카프릴레이트, 카프릴릴글라이콜, 에틸헥실글리세린, 아데노신, 락토바실러스발효물, 토코페롤, 글리세릴글루코사이드, 글리세린",20대,복합성,None,30,177
메이크프렘 유브이 디펜스 미 카밍톤업선크림 40ml 1+1 기획,28000,"정제수,징크옥사이드,프로필헵틸카프릴레이트,프로판다이올,티타늄디옥사이드,다이실록세인,다이카프릴릴에터,부틸렌글라이콜다이카프릴레이트/다이카프레이트,부틸옥틸살리실레이트,카프릴릴메티콘,폴리글리세릴-4다이아이소스테아레이트/폴리하이드록시스테아레이트/세바케이트,칼라민,트라이메틸실록시실리케이트,밤부사 불가리스수,프룩탄,해바라기씨오일불검화물,토코페롤,서양배추출물,복숭아추출물,멜론추출물,서양송악잎/줄기추출물,드럼스틱씨추출물,풍선덩굴꽃/잎/덩굴추출물,로즈마리잎추출물,다마스크장미꽃수,커먼자스민꽃수,양까막까치밥나무씨오일,해바라기씨오일,다이스테아다이모늄헥토라이트,마그네슘설페이트,메틸메타크릴레이트크로스폴리머,스테아릭애씨드,알루미늄하이드록사이드,트라이에톡시카프릴릴실레인,폴리글리세릴-3폴리다이메틸실록시에틸다이메티콘,1,2-헥산다이올,비닐다이메티콘/메티콘실세스퀴옥세인크로스폴리머,폴리메틸실세스퀴옥세인,글리세릴카프릴레이트,카프릴릴글라이콜,에틸헥실글리세린,옥틸도데칸올,말토덱스트린,부틸렌글라이콜",40대 이상,복합성,None,31,2873
[박세리 공동개발  대용량 출시] AHC 마스터즈 에어리치 선스틱 22g,21000,"메틸메타크릴레이트크로스폴리머, 폴리에틸렌, 카프릴릴메티콘, 코코-카프릴레이트/카프레이트, 에틸헥실팔미테이트, 아이소프로필팔미테이트, 다이카프릴릴카보네이트, 합성플루오르플로고파이트, 다이부틸아디페이트, 디에칠아미노하이드록시벤조일헥실벤조에이트, 오조케라이트, 비닐다이메티콘/메티콘실세스퀴옥세인크로스폴리머, 에칠헥실트리아존, 비닐다이메티콘, 폴리실리콘-15, 비스-에칠헥실옥시페놀메톡시페닐트리아진, 병풀추출물, 베르가모트오일, 글리세릴카프릴레이트, 폴리글리세릴-4다이아이소스테아레이트/폴리하이드록시스테아레이트/세바케이트, 트라이에톡시카프릴릴실레인, 토코페롤, 칼라민, 마데카식애씨드, 아시아티코사이드, 아시아틱애씨드, 리모넨, 리날룰, 유제놀",20대,"지성, 복합성",None,32,5693
아떼 비건 릴리프 선 에센스 대용량 기획 (70ml+40ml),42000,"정제수,프로판다이올,사이클로펜타실록세인,에칠헥실살리실레이트,호모살레이트,다이부틸아디페이트,나이아신아마이드,비스-에칠헥실옥시페놀메톡시페닐트리아진,메칠렌비스-벤조트리아졸릴테트라메칠부틸페놀,폴리메틸실세스퀴옥세인,폴리실리콘-15,디에칠아미노하이드록시벤조일헥실벤조에이트,카프릴릴메티콘,락토바실러스/소이밀크발효여과물,락토바실러스/호밀가루발효물,바실러스/소이빈발효추출물,피그미핑크캘러스배양추출물,포도주,아르니카 몬타나꽃추출물,1,2-헥산다이올,펜틸렌글라이콜,글리세린,베헤닐알코올,실리카,폴리글리세릴-3메틸글루코오스다이스테아레이트,트로메타민,데실글루코사이드,카보머,부틸렌글라이콜,판테놀,아크릴레이트/C10-30알킬아크릴레이트크로스폴리머,소듐폴리아크릴레이트,소듐스테아로일글루타메이트,폴리아크릴레이트크로스폴리머-6,아이소말트,에틸헥실글리세린,아데노신,폴리에터-1,프로필렌글라이콜,잔탄검,소듐하이알루로네이트,t-부틸알코올,타라검,레시틴,말토덱스트린,토코페롤,소듐벤조에이트,시트릭애씨드,향료",20대,"건성, 복합성",None,33,1679
[올영1위812만개 판매] 달바 워터풀 마일드 선크림 듀오 기획 (50ml+50ml),51000,"정제수, C12-15알킬벤조에이트, 티타늄디옥사이드, 벤조트라이아졸릴도데실p-크레솔, 프로판다이올, 부틸옥틸살리실레이트, 카프릴릴메티콘, 1,2-헥산다이올, 폴리메틸실세스퀴옥세인, 알루미늄스테아레이트, 폴리하이드록시스테아릭애씨드, 펜틸렌글라이콜, 인도멀구슬나무꽃추출물, 인도멀구슬나무잎추출물, 울금뿌리추출물, 홀리바질잎추출물, 참산호말추출물, 풍선덩굴꽃/잎/덩굴추출물, 가시대나무줄기추출물, 쇠비름추출물, 병풀추출물, 버지니아풍년화추출물, 사탕수수추출물, 약모밀추출물, 에델바이스추출물, 유럽라임나무꽃추출물, 커먼자스민꽃추출물, 편백잎추출물, 흰서양송로추출물, 오렌지오일, 필리핀오렌지껍질오일, 리씨열매오일, 에키움 플란타기네움씨오일, 솔잣나무잎/너트/줄기오일, 녹차수, 자작나무수액, 일랑일랑꽃오일, 카프릴릭/카프릭트라이글리세라이드, 알루미나, 암모늄아크릴로일다이메틸타우레이트/브이피코폴리머, 폴리아크릴레이트크로스폴리머-6, 하이드록시프로필메틸셀룰로오스스테아록시에터, 소듐스테아로일글루타메이트, 에틸헥실글리세린, 옥틸도데칸올, 스테아릭애씨드, t-부틸알코올, 알란토인, 해바라기씨오일불검화물, 글리세린, 토코페롤, 마데카소사이드, 베타인, 하이드롤라이즈드하이알루로닉애씨드, 부틸렌글라이콜, 베타-글루칸, 리모넨, 시트랄",20대,"건성, 복합성",None,34,964
[수분] 닥터지 레드 블레미쉬 수딩 업 선 기획(50ml+20ml),29000,"1. 닥터지 레드 블레미쉬 수딩 업 선 50ml (본품)

정제수, 다이부틸아디페이트, 프로판다이올, 에칠헥실트리아존, 테레프탈릴리덴디캠퍼설포닉애씨드, 나이아신아마이드, 옥틸도데칸올, 트로메타민, 폴리글리세릴-3다이스테아레이트, 세테아릴알코올, 판테놀, 1,2-헥산다이올, 펜틸렌글라이콜, 디에칠아미노하이드록시벤조일헥실벤조에이트, 카프릴릴메티콘, 폴리실리콘-15, 풍선덩굴꽃/잎/덩굴추출물, 약모밀추출물, 노니열매추출물, 쑥잎추출물, 병풀꽃/잎/줄기추출물, 아티초크잎추출물, 병풀뿌리추출물, 병풀잎추출물, 병풀추출물, 복사나무꽃추출물, 물냉이추출물, 타라열매추출물, 코토니추출물, 밀몽화꽃추출물, 프랑스해안송껍질추출물, 에키움 플란타기네움씨오일, 폴리메틸실세스퀴옥세인, 글리세릴스테아레이트, 비스-에칠헥실옥시페놀메톡시페닐트리아진, 포타슘세틸포스페이트, 메틸프로판다이올, 카보머, 글리세릴스테아레이트시트레이트, 아크릴레이트/C10-30알킬아크릴레이트크로스폴리머, 에틸헥실글리세린, 암모늄아크릴로일다이메틸타우레이트/브이피코폴리머, 아데노신, 부틸렌글라이콜, 해바라기씨오일불검화물, 폴리에터-1, 토코페롤, 바이오사카라이드검-1, 효모발효물, 7-데하이드로콜레스테롤, 엑토인, 아시아티코사이드, 마데카소사이드, 락토바실러스발효물, 마데카식애씨드, 아시아틱애씨드

2. 닥터지 레드 블레미쉬 수딩 업 선 20ml (구성품)
정제수, 다이부틸아디페이트, 프로판다이올, 에칠헥실트리아존, 테레프탈릴리덴디캠퍼설포닉애씨드, 나이아신아마이드, 옥틸도데칸올, 트로메타민, 폴리글리세릴-3다이스테아레이트, 세테아릴알코올, 판테놀, 1,2-헥산다이올, 펜틸렌글라이콜, 디에칠아미노하이드록시벤조일헥실벤조에이트, 카프릴릴메티콘, 폴리실리콘-15, 풍선덩굴꽃/잎/덩굴추출물, 약모밀추출물, 노니열매추출물, 쑥잎추출물, 병풀꽃/잎/줄기추출물, 아티초크잎추출물, 병풀뿌리추출물, 병풀잎추출물, 병풀추출물, 복사나무꽃추출물, 물냉이추출물, 타라열매추출물, 코토니추출물, 밀몽화꽃추출물, 프랑스해안송껍질추출물, 에키움 플란타기네움씨오일, 폴리메틸실세스퀴옥세인, 글리세릴스테아레이트, 비스-에칠헥실옥시페놀메톡시페닐트리아진, 포타슘세틸포스페이트, 메틸프로판다이올, 카보머, 글리세릴스테아레이트시트레이트, 아크릴레이트/C10-30알킬아크릴레이트크로스폴리머, 에틸헥실글리세린, 암모늄아크릴로일다이메틸타우레이트/브이피코폴리머, 아데노신, 부틸렌글라이콜, 해바라기씨오일불검화물, 폴리에터-1, 토코페롤, 바이오사카라이드검-1, 효모발효물, 7-데하이드로콜레스테롤, 엑토인, 아시아티코사이드, 마데카소사이드, 락토바실러스발효물, 마데카식애씨드, 아시아틱애씨드",20대,"건성, 복합성",None,35,1333
[듀오기획] 넘버즈인 3번 도자기결 파데스킵 톤업베이지 35ml+35ml (SPF50+ PA++++),32000,"정제수, 징크옥사이드, 사이클로헥사실록세인, 프로판다이올, 프로필헵틸카프릴레이트, 카프릴릴메티콘, 트라이메틸실록시실리케이트, 폴리글리세릴-3폴리다이메틸실록시에틸다이메티콘, 티타늄디옥사이드, 나이아신아마이드, 다이실록세인, 부틸옥틸살리실레이트, 병풀추출물, 호장근뿌리추출물, 황금추출물, 녹차추출물, 로즈마리잎추출물, 마트리카리아꽃추출물, 사철쑥추출물, 스페인감초뿌리추출물, 약모밀추출물, 티트리추출물, 로즈마리잎오일, 다이스테아다이모늄헥토라이트, 마그네슘설페이트, 트라이에톡시카프릴릴실레인, 1,2-헥산다이올, 폴리글리세릴-2다이폴리하이드록시스테아레이트, 라우릴폴리글리세릴-3폴리다이메틸실록시에틸다이메티콘, 메틸메타크릴레이트크로스폴리머, 폴리메틸실세스퀴옥세인, 다이카프릴릴카보네이트, 글리세릴카프릴레이트, 카프릴릴글라이콜, 마이카, 알루미늄하이드록사이드, 에틸헥실글리세린, 퍼플루오로옥틸트라이에톡시실레인, 토코페롤, 부틸렌글라이콜, 펜틸렌글라이콜, 황색산화철, 적색산화철, 흑색산화철",20대,복합성,None,36,6218
에스트라 더마UV365 레드진정 톤업 선크림 40ml 기획 (+무기자차선크림 20ml 증정),31000,"정제수, 부틸렌글라이콜, 글리세린, 디에칠아미노하이드록시벤조일헥실벤조에이트, 호모살레이트, 에칠헥실살리실레이트, 메틸트라이메티콘, 부틸옥틸살리실레이트, 티타늄디옥사이드, C12-15알킬벤조에이트, 비스-에칠헥실옥시페놀메톡시페닐트리아진, 폴리실리콘-15, 티타늄디옥사이드 (CI 77891), 1,2-헥산다이올, 세테아릴알코올, 실리카, 폴리C10-30알킬아크릴레이트, 하이드록시에틸아크릴레이트/소듐아크릴로일다이메틸타우레이트코폴리머, 알루미늄스테아레이트, 알루미나, 스테아릭애씨드, 폴리하이드록시스테아릭애씨드, 아크릴레이트/C10-30알킬아크릴레이트크로스폴리머, 알란토인, 글리세릴스테아레이트, 하이드로제네이티드레시틴, 카프릴릴글라이콜, 에틸헥실글리세린, 트로메타민, 알루미늄하이드록사이드, 폴리글리세릴-3메틸글루코오스다이스테아레이트, 팔미틱애씨드, 다이소듐이디티에이, 트라이에톡시카프릴릴실레인, 솔비탄아이소스테아레이트, 적색산화철, 하이드롤라이즈드하이알루로닉애씨드, 세라마이드엔피, 황색산화철, 미리스틱애씨드, 라우릭애씨드, 토코페롤",30대,"건성, 복합성",None,37,687
[한정기획수분] 닥터지 레드 블레미쉬 수딩 업 선 50ml 1+1 한정 기획(볼펜 랜덤증정),29000,"정제수, 다이부틸아디페이트, 프로판다이올, 에칠헥실트리아존, 테레프탈릴리덴디캠퍼설포닉애씨드, 나이아신아마이드, 옥틸도데칸올, 트로메타민, 폴리글리세릴-3다이스테아레이트, 세테아릴알코올, 판테놀, 1,2-헥산다이올, 펜틸렌글라이콜, 디에칠아미노하이드록시벤조일헥실벤조에이트, 카프릴릴메티콘, 폴리실리콘-15, 풍선덩굴꽃/잎/덩굴추출물, 약모밀추출물, 노니열매추출물, 쑥잎추출물, 병풀꽃/잎/줄기추출물, 아티초크잎추출물, 병풀뿌리추출물, 병풀잎추출물, 병풀추출물, 복사나무꽃추출물, 물냉이추출물, 타라열매추출물, 코토니추출물, 밀몽화꽃추출물, 프랑스해안송껍질추출물, 에키움 플란타기네움씨오일, 폴리메틸실세스퀴옥세인, 글리세릴스테아레이트, 비스-에칠헥실옥시페놀메톡시페닐트리아진, 포타슘세틸포스페이트, 메틸프로판다이올, 카보머, 글리세릴스테아레이트시트레이트, 아크릴레이트/C10-30알킬아크릴레이트크로스폴리머, 에틸헥실글리세린, 암모늄아크릴로일다이메틸타우레이트/브이피코폴리머, 아데노신, 부틸렌글라이콜, 해바라기씨오일불검화물, 폴리에터-1, 토코페롤, 바이오사카라이드검-1, 효모발효물, 7-데하이드로콜레스테롤, 엑토인, 아시아티코사이드, 마데카소사이드, 락토바실러스발효물, 마데카식애씨드, 아시아틱애씨드",20대,"건성, 복합성",None,38,2488
[베스트밀착톤업] 셀퓨전씨 토닝 썬스크린 100 50ml 기획(쿨링패드 2매입2),39000,"정제수, 사이클로펜타실록세인, 징크옥사이드, 호모살레이트, 에칠헥실살리실레이트, 코코-카프릴레이트/카프레이트, 다이프로필렌글라이콜, 카프릴릴메티콘, 티타늄디옥사이드, 라우릴피이지-10트리스(트라이메틸실록시)실릴에틸다이메티콘, 글리세린, 나이아신아마이드, 페닐트라이메티콘, 오렌지껍질오일, 올리브오일, 라벤더오일, 센티드제라늄꽃오일, 바질오일, 토코페릴아세테이트, 소듐아스코빌포스페이트, 판테놀, 글루타티온, 글리세릴리놀리네이트, 글리세릴아라키도네이트, 레티닐팔미테이트, 메나다이온, 바이오틴, 사이아노코발아민, 사카라이드아이소머레이트, 티아민에이치씨엘, 폴릭애씨드, 피리독신, 하이드롤라이즈드루핀단백질, 에틸헥실글리세린, 아데노신, 소듐하이알루로네이트, 알파-비사보롤, 소듐시트레이트, 토코페롤, 알부틴, 하이드로제네이티드레시틴, 세라마이드엔피, 수크로오스스테아레이트, 콜레스테롤, 콜레스테릴마카다미에이트, 팔미틱애씨드, 폴리글리세릴-10스테아레이트, 다이스테아다이모늄헥토라이트, 마그네슘설페이트, 메틸메타크릴레이트크로스폴리머, 비닐다이메티콘/메티콘실세스퀴옥세인크로스폴리머, 다이메티콘, 1,2-헥산다이올, 트라이에톡시카프릴릴실레인, 스테아릭애씨드, 알루미늄하이드록사이드, 솔비탄카프릴레이트, 다이카프릴릴카보네이트, 다이메티콘/피이지-10/15크로스폴리머, 글리세릴카프릴레이트, 다이메티콘/비닐다이메티콘크로스폴리머, 적색산화철, 황색산화철, 리날룰, 시트로넬올, 리모넨",30대,복합성,None,39,8575
[NEW] 라운드랩 자작나무 수분 선스틱 19g,24000,"정제수, 코코-카프릴레이트/카프레이트, 다이부틸아디페이트, 합성왁스, 부틸옥틸살리실레이트, 디에칠아미노하이드록시벤조일헥실벤조에이트, 비닐다이메티콘/메티콘실세스퀴옥세인크로스폴리머, 부틸렌글라이콜, 에칠헥실트리아존, 오조케라이트, 나이아신아마이드, 비닐다이메티콘, 폴리실리콘-15, 비스-에칠헥실옥시페놀메톡시페닐트리아진, 자작나무수액(1,045ppm), 글리세릴글루코사이드, 글리세린, 다시마추출물, 당느릅나무뿌리추출물, 알로에베라잎추출물, 제비꽃꽃추출물, 참마뿌리추출물, 하이알루로닉애씨드, 아스코빅애씨드, 소듐하이알루로네이트, 쇠비름추출물, 다이포타슘글리시리제이트, 알란토인, 노나펩타이드-1, 다이펩타이드다이아미노부티로일벤질아마이드다이아세테이트, 아세틸헥사펩타이드-8, 카퍼트라이펩타이드-1, 트라이펩타이드-1, 팔미토일테트라펩타이드-7, 팔미토일트라이펩타이드-1, 팔미토일트라이펩타이드-5, 팔미토일펜타펩타이드-4, 팔미토일헥사펩타이드-12, 펜타펩타이드-3, 헥사펩타이드-9, 아데노신, 에틸헥실글리세린, 폴리글리세릴-5폴리리시놀리에이트, 글리세릴카프릴레이트, 카프릴릴글라이콜, 쌀겨오일, 라우릴폴리글리세릴-3폴리다이메틸실록시에틸다이메티콘, 폴리글리세릴-4다이아이소스테아레이트/폴리하이드록시스테아레이트/세바케이트, 소듐클로라이드, 1,2-헥산다이올, 토코페롤",30대,"건성, 복합성",None,40,1231
[쿨링젤] 아로마티카 수딩 알로에 베라 젤 (300ml500ml),11000,"알로에베라잎추출물, 프로판다이올, 1,2-헥산다이올, 로즈마리잎수, 소듐카보머, 부틸렌글라이콜, 스타아니스추출물, 황금추출물, 말토덱스트린",30대,복합성,None,41,12374
라운드랩 자작나무 무기자차 선크림 50ml 기획(클렌저 20ml 증정),25000,"1. 자작나무 무기자차 선크림 50ml (본품)
정제수, 징크옥사이드, 사이클로헥사실록세인, 부틸옥틸살리실레이트, 프로판다이올, 프로필헵틸카프릴레이트, 아이소도데케인, 카프릴릴메티콘, 폴리글리세릴-3폴리다이메틸실록시에틸다이메티콘, 메틸메타크릴레이트크로스폴리머, 메틸트라이메티콘, 자작나무수액 (1,045ppm), 삼나무잎추출물, 연꽃잎추출물, 효모발효여과물, 글리세릴글루코사이드, 소듐하이알루로네이트, 하이알루로닉애씨드, 글리세린, 부틸렌글라이콜, 트라이에톡시카프릴릴실레인, 개똥쑥추출물, 캐모마일꽃오일, 구주소나무잎오일, 에틸헥실글리세린, 아스코빅애씨드, 토코페롤, 글리세릴카프릴레이트, 카프릴릴글라이콜, 폴리메틸실세스퀴옥세인, 라우릴폴리글리세릴-3폴리다이메틸실록시에틸다이메티콘, 1,2-헥산다이올, 폴리글리세릴-2다이폴리하이드록시스테아레이트, 다이스테아다이모늄헥토라이트, 마그네슘설페이트

2. 자작나무 수분 클렌저 20ml (증정품)
정제수, 글리세린, 소듐코코일알라니네이트, 라우릴하이드록시설테인, 다이소듐코코암포다이아세테이트, 소듐메틸코코일타우레이트, 아크릴레이트/C10-30알킬아크릴레이트크로스폴리머, 자작나무수액(10,000ppm), 부틸렌글라이콜, 소듐하이알루로네이트, 하이알루로닉애씨드, 소듐클로라이드, 글리세릴글루코사이드, 아스코빅애씨드, 1,2-헥산다이올, 개똥쑥추출물, 캐모마일꽃오일, 구주소나무잎오일, 퀼라자껍질추출물, 카프릴릴글라이콜, 코코-글루코사이드, 글리세릴카프릴레이트, 소듐코코일이세티오네이트, 헥실렌글라이콜, 시트릭애씨드, 다이소듐이디티에이",30대,복합성,None,42,2177
[단독기획] 아누아 어성초 실키 모이스처 선크림 기획 (50ml+10ml),25000,"정제수, 약모밀추출물(30%), 다이부틸아디페이트, 프로판다이올, 에칠헥실트리아존, 테레프탈릴리덴디캠퍼설포닉애씨드, 글리세린, 나이아신아마이드, 카프릴릴메티콘, 폴리메틸실세스퀴옥세인, 트로메타민, 폴리글리세릴-3다이스테아레이트, 세테아릴알코올, 1,2-헥산다이올, 펜틸렌글라이콜, 디에칠아미노하이드록시벤조일헥실벤조에이트, 폴리실리콘-15, 감나무잎추출물, 트루로즈오브예리코추출물, 포도추출물, 잇꽃꽃추출물, 커피콩추출물, 호장근뿌리추출물, 녹차추출물, 밤껍질추출물, 초피나무열매추출물, 판테놀, 글리세릴스테아레이트, 비스-에칠헥실옥시페놀메톡시페닐트리아진, 포타슘세틸포스페이트, 메틸프로판다이올, 카보머, 부틸렌글라이콜, 글리세릴스테아레이트시트레이트, 아크릴레이트/C10-30알킬아크릴레이트크로스폴리머, 에틸헥실글리세린, 암모늄아크릴로일다이메틸타우레이트/브이피코폴리머, 아데노신, 폴리에터-1, 바이오사카라이드검-1",30대,"건성, 복합성",None,43,618
드림웍스 아임더 리얼 알로에 99%수딩젤 300ml,5800,"■ 알로에베라잎추출물, 변성알코올, 정제수, 글리세린, 다이프로필렌글라이콜, 부틸렌글라이콜, 알로에베라잎수, 병풀추출물, 소듐하이알루로네이트, 글리세릴아크릴레이트/아크릴릭애씨드코폴리머, 에틸헥실글리세린, 1,2-헥산다이올, 하이드록시아세토페논, 카보머, 알지닌, 다이소듐이디티에이, 향료, 헥실신남알, 리날룰, 부틸페닐메틸프로피오날",30대,복합성,None,44,9857
[단독기획] 토리든 다이브인 워터리 모이스처 선크림 1+1 기획,25000,"정제수, 프로판다이올, 다이부틸아디페이트, 비스-에칠헥실옥시페놀메톡시페닐트리아진, 디에칠아미노하이드록시벤조일헥실벤조에이트, 에칠헥실트리아존, 폴리메틸실세스퀴옥세인, 폴리실리콘-15, 다이아이소프로필아디페이트, 나이아신아마이드, 메칠렌비스-벤조트리아졸릴테트라메칠부틸페놀, 소듐하이알루로네이트, 하이알루로닉애씨드, 하이드롤라이즈드소듐하이알루로네이트, 하이드롤라이즈드하이알루로닉애씨드, 소듐아세틸레이티드하이알루로네이트, 소듐하이알루로네이트크로스폴리머, 포타슘하이알루로네이트, 다이메틸실란올하이알루로네이트, 하이드록시프로필트라이모늄하이알루로네이트, 소듐하이알루로네이트다이메틸실란올, 판테놀, 알란토인, 아데노신, 다이포타슘글리시리제이트, 펜틸렌글라이콜, 소듐아크릴레이트크로스폴리머-2, 글리세린, 데실글루코사이드, 소듐스테아로일글루타메이트, 부틸렌글라이콜, 드럼스틱씨오일, 하이드록시에틸우레아, 폴리글리세릴-3메틸글루코오스다이스테아레이트, 아크릴레이트/C10-30알킬아크릴레이트크로스폴리머, 메틸메타크릴레이트크로스폴리머, 호호바씨오일, 하이드록시아세토페논, 폴리C10-30알킬아크릴레이트, 폴리아크릴레이트크로스폴리머-6, 바이오사카라이드검-1, 1,2-헥산다이올, 잔탄검, 트로메타민, 인도멀구슬나무잎추출물, 인도멀구슬나무꽃추출물, 아이비고드열매추출물, 가지열매추출물, 알로에베라꽃추출물, 울금뿌리추출물, 베헤닐알코올, 참산호말추출물, 홀리바질잎추출물, 한련초추출물, 말라카이트추출물",30대,"건성, 복합성",None,45,504
한율 어린쑥 수분진정 선크림 50ml+20ml 증정 기획,27000,"정제수, 다이부틸아디페이트, 부틸옥틸살리실레이트, 폴리메틸실세스퀴옥세인, 디에칠아미노하이드록시벤조일헥실벤조에이트, 에칠헥실트리아존, 메칠렌비스-벤조트리아졸릴테트라메칠부틸페놀, 나이아신아마이드, 황해쑥잎수, 카프릴릴메티콘, 디에칠헥실부타미도트리아존, 1,2-헥산다이올, 글리세린, 프로판다이올, 펜틸렌글라이콜, 베헤닐알코올, 폴리C10-30알킬아크릴레이트, 폴리글리세릴-3메틸글루코오스다이스테아레이트, 데실글루코사이드, 부틸렌글라이콜, 트로메타민, 향료, 카보머, 아크릴레이트/C10-30알킬아크릴레이트크로스폴리머, 2,3-부탄다이올, 소듐스테아로일글루타메이트, 폴리아크릴레이트크로스폴리머-6, 에틸헥실글리세린, 아데노신, 잔탄검, 레시틴, 락토바실러스발효물, 이눌린라우릴카바메이트, 황해쑥잎추출물, 다이소듐이디티에이, 병풀꽃/잎/줄기추출물, 토코페롤, 소듐하이알루로네이트",30대,"건성, 복합성",None,46,21
[파데프리] 넘버즈인 3번 도자기결 고이빚은 세라믹쿠션 SPF50+ PA++++,28000,"정제수, 징크옥사이드, 사이클로헥사실록세인, 프로판다이올, 프로필헵틸카프릴레이트, 티타늄디옥사이드, 카프릴릴메티콘, 트라이메틸실록시실리케이트, 폴리글리세릴-3폴리다이메틸실록시에틸다이메티콘, 나이아신아마이드, 다이실록세인, 부틸옥틸살리실레이트, 메틸메타크릴레이트크로스폴리머, 병풀추출물, 호장근뿌리추출물, 황금추출물, 녹차추출물, 다시마추출물, 당느릅나무뿌리추출물, 로즈마리잎추출물, 마트리카리아꽃추출물, 밀추출물, 보리추출물, 사철쑥추출물, 스페인감초뿌리추출물, 알로에베라잎추출물, 약모밀추출물, 제비꽃꽃추출물, 참마뿌리추출물, 티트리추출물, 로즈마리잎오일, 다이스테아다이모늄헥토라이트, 마그네슘설페이트, 폴리글리세릴-2다이폴리하이드록시스테아레이트, 폴리메틸실세스퀴옥세인, 트라이에톡시카프릴릴실레인, 1,2-헥산다이올, 라우릴폴리글리세릴-3폴리다이메틸실록시에틸다이메티콘, 다이카프릴릴카보네이트, 알루미늄하이드록사이드, 글리세릴카프릴레이트, 카프릴릴글라이콜, 마이카, 에틸헥실글리세린, 토코페롤, 아스코빅애씨드, 부틸렌글라이콜, 글리세린, 펜틸렌글라이콜, 귀리커넬단백질, 밀단백질, 유청단백질, 하이드롤라이즈드감자단백질, 하이드롤라이즈드귀리단백질, 하이드롤라이즈드밀단백질, 하이드롤라이즈드보리단백질, 하이드롤라이즈드쌀겨단백질, 하이드롤라이즈드옥수수단백질, 하이드롤라이즈드완두콩단백질, 하이드롤라이즈드콩단백질, 황색산화철, 적색산화철, 흑색산화철",20대,"건성, 복합성",None,47,167
메이크프렘 유브이 디펜스 미 워터리캡슐선크림 40ml 1+1 기획,28000,"정제수,다이부틸아디페이트,폴리메틸실세스퀴옥세인,프로판다이올,디에칠아미노하이드록시벤조일헥실벤조에이트,부틸옥틸살리실레이트,에칠헥실트리아존,나이아신아마이드,메칠렌비스-벤조트리아졸릴테트라메칠부틸페놀,카프릴릴메티콘,카프릴릭/카프릭트라이글리세라이드,디에칠헥실부타미도트리아존,1,2-헥산다이올,글리세린,부틸렌글라이콜,센티드제라늄추출물,인도멀구슬나무잎추출물,인도멀구슬나무꽃추출물,아이비고드열매추출물,보검선인장꽃추출물,가지열매추출물,울금뿌리추출물,참산호말추출물,홀리바질잎추출물,연필향나무오일,리씨열매오일,베티버뿌리오일,소두구씨오일,유채씨오일,양구슬냉이씨오일,호호바씨오일,펜틸렌글라이콜,베헤닐알코올,폴리C10-30알킬아크릴레이트, 폴리글리세릴-3메틸글루코오스다이스테아레이트,데실글루코사이드,트로메타민,아크릴레이트/C10-30알킬아크릴레이트크로스폴리머,카보머,소듐스테아로일글루타메이트,폴리아크릴레이트크로스폴리머-6,에틸헥실글리세린,아데노신,잔탄검,알란토인,하이드롤라이즈드하이알루로닉애씨드,하이드롤라이즈드소듐하이알루로네이트",20대,"건성, 복합성",None,48,672
아벤느 선 미네랄 크림 50ml SPF50+ PA++++,32000,"티타늄디옥사이드
아쿠아(아벤느 온천수)
아이소데실네오펜타노에이트
트라이에틸헥사노인
C12-15알킬벤조에이트
글리세린
사이클로펜타실록세인
폴리글리세릴-4이소스테아레이트
알루미나
세틸피이지/피피지-10/1디메치콘
헥실라우레이트
C30-45알킬메치콘
스테아릭애씨드
C30-45올레핀
사이클로헥사실록세인
카프릴릭/카프릭트라이글리세라이드
카프릴릴글라이콜
다이소듐이디티에이
황색산화철 (씨아이 77492)
적색산화철 (씨아이 77491)
옥틸도데칸올
펜타에리스리틸테트라-디-t-부틸하이드록시하이드로신나메이트
실리카디메칠실릴레이트
실크아미노산
소듐클로라이드
소르빅애씨드
탤크
티타늄디옥사이드 (씨아이 77891)
토코페릴글루코사이드
정제수
잔탄검",30대,"건성, 복합성",None,49,687
[단독기획] 비플레인 선뮤즈 톤업&코렉팅 선크림 기획 (50ml+20ml),26000,"정제수, 에칠헥실트리아존, 다이부틸아디페이트, 프로판다이올, 디에칠아미노하이드록시벤조일헥실벤조에이트, 부틸옥틸살리실레이트, 나이아신아마이드, 비스-에칠헥실옥시페놀메톡시페닐트리아진, 티타늄디옥사이드(CI 77891), 코코-카프릴레이트/카프레이트, 1,2-헥산다이올, 폴리글리세릴-3메틸글루코오스다이스테아레이트, 울트라마린, 트로메타민, 당근추출물, 실리카, 카보머, 암모늄아크릴로일다이메틸타우레이트/브이피코폴리머, 아크릴레이트/C10-30알킬아크릴레이트크로스폴리머, 폴리아크릴레이트크로스폴리머-6, 브이피/에이코신코폴리머, 스테아릴알코올, 세틸알코올, 에틸헥실글리세린, 폴리글리세릴-6폴리하이드록시스테아레이트, 폴리글리세릴-6폴리리시놀리에이트, 알루미늄하이드록사이드, 카올린, 알란토인, 트라이에톡시카프릴릴실레인, 아데노신, 소듐스테아로일글루타메이트, 폴리글리세린-6, 사카라이드하이드롤리세이트, 베타인, 녹차수, t-부틸알코올, 미리스틸알코올, 라우릴알코올, 토코페롤, 아스코빌팔미테이트",20대,복합성,None,50,401
조선미녀 산들쑥선스틱 18g,18000,"메틸메타크릴레이트크로스폴리머, 합성왁스, 다이부틸아디페이트, 코코-카프릴레이트/카프레이트, 아이소프로필팔미테이트, 카프릴릴메티콘, 카프릴릴트라이메티콘, 에틸헥실팔미테이트, 실리카, 비닐다이메티콘/메티콘실세스퀴옥세인크로스폴리 머, 디에칠아미노하이드록시벤조일헥실벤조에이트, 비스-에틸헥실옥시페놀메톡시페닐트라이아진, 보론나이트라이드, 부틸옥틸살리실레이트, 에칠헥실트리아존, 마이크로크리스탈린왁스, 폴리실리콘-15, 비닐다이메티콘, 동백나무씨오일, 울금뿌리추출물, 참산호말추출물, 인도멀구슬나무껍질추출물, 홀리바질잎추출물, 드럼스틱씨오일, 아이비고드열매추출물, 가지열매추출물, 호박가루, 알로에베라꽃추출물, 호호바씨오일, 사철쑥추출물, 녹차추출물, 녹차씨오일, 하이알루로닉애씨드, 밤부사 불가리스추출물, 병풀추출물, 노니추출물, 녹두추출물, 폴리글리세릴-4다이아이소스테아레이트/폴리하이드록시스테아레이트/세바케이트, 정제수, 1,2-헥산다이올, 판테놀, 부틸렌글라이콜, 프로판다이올, 글리세린, 메틸프로판다이올, 에틸헥실글리세린","20대,30대",복합성,None,51,45
브링그린 알로에99% 수딩젤 300ml단품더블기획(300ml+300ml),13600,"■ 알로에베라잎즙(99%), 글리세린, 알지닌,카보머, 1,2-헥산다이올, 정제수, 부틸렌글라이콜, 브로콜리추출물, 자주개자리추출물, 양배추추출물, 밀싹추출물, 유채추출물, 무씨추출물",20대,복합성,None,52,10014
아넷사 퍼펙트 UV 스킨케어 밀크 N 60ml 기획 (+썬패치 2회분 증정),36000,"다이메티콘, 정제수, 징크옥사이드, 에탄올, 탤크, 옥토크릴렌, 아이소도데케인, 다이아이소프로필세바케이트, 에칠헥실살리실레이트, C12-15알킬벤조에이트, 옥수수전분, 피이지/피피지-9/2다이메틸에터, 실리카, 아이소프로필미리스테이트, 디에칠아미노하이드록시벤조일헥실벤조에이트, 티타늄디옥사이드, 피이지-9폴리다이메틸실록시에틸다이메티콘, 덱스트린팔미테이트, 호모살레이트, 글리세린, 에칠헥실트리아존, 폴리실리콘-15, 비스-에칠헥실옥시페놀메톡시페닐트리아진, 피이지-10다이메티콘, 아이소스테아릭애씨드, 트라이에톡시카프릴릴실레인, 다이스테아다이모늄헥토라이트, 알루미늄하이드록사이드, 스테아릭애씨드, 트라이소듐이디티에이, 소듐클로라이드, 피이지-6, 향료, 토코페롤, 비에이치티, 부틸렌글라이콜, 소듐메타바이설파이트, 피이지/피피지-14/7다이메틸에터, 사카라이드아이소머레이트, 다이포타슘글리시리제이트, 녹차추출물, 토멘틸뿌리추출물, 소듐시트레이트, 소듐아세틸레이티드하이알루로네이트, 시트릭애씨드, 합성플루오르플로고파이트, 트라이에톡시실릴에틸폴리다이메틸실록시에틸다이메티콘, 수용성콜라겐, 페녹시에탄올, 리날룰, 리모넨, 헥실신남알, 제라니올, 시트로넬올",30대,복합성,None,53,1092
[더보이즈 큐PICK]듀이트리 어반쉐이드 안티폴루션 선 1+1기획(50ml+50ml),30000,"정제수, 징크옥사이드, 프로필헵틸카프릴레이트, 프로판다이올, 티타늄디옥사이드, 부틸렌글라이콜다이카프릴레이트/다이카프레이트, 다이카프릴릴에터, 다이실록세인, 부틸옥틸살리실레이트, 카프릴릴메티콘, 폴리글리세릴-4다이아이소스테아레이트/폴리하이드록시스테아레이트/세바케이트, 칼라민, 트라이메틸실록시실리케이트, 사막장미잎세포추출물, 로즈오브예리코추출물, 로즈마리잎오일, 잇꽃씨오일, 다이스테아다이모늄헥토라이트, 마그네슘설페이트, 스테아릭애씨드, 알루미늄하이드록사이드, 트라이에톡시카프릴릴실레인, 메틸메타크릴레이트크로스폴리머, 폴리글리세릴-3폴리다이메틸실록시에틸다이메티콘, 1,2-헥산다이올, 비닐다이메티콘/메티콘실세스퀴옥세인크로스폴리머, 폴리메틸실세스퀴옥세인, 글리세릴카프릴레이트, 카프릴릴글라이콜, 에틸헥실글리세린, 토코페롤, 부틸렌글라이콜, 바이오사카라이드검-4, 흰목이버섯폴리사카라이드",20대,복합성,None,54,5338
[디렉터파이 PICK] 싸이닉 엔조이 슈퍼 마일드 선 에센스 더블 기획 (50ml+50ml),15000,"정제수, 다이부틸아디페이트, 프로판다이올, 디에칠아미노하이드록시벤조일헥실벤조에이트, 비스-에칠헥실옥시페놀메톡시페닐트리아진, 폴리메틸실세스퀴옥세인, 폴리실리콘-15, 메칠렌비스-벤조트리아졸릴테트라메칠부틸페놀, 에칠헥실트리아존, 나이아신아마이드, 디에칠헥실부타미도트리아존, 글리세린, 부틸렌글라이콜, 1,2-헥산다이올, 소듐하이알루로네이트, 녹차추출물, 타히티바닐라추출물, 밤부사 불가리스수, 병풀추출물, 카프릴릴메티콘, 코코-카프릴레이트/카프레이트, 실리카, 폴리C10-30알킬아크릴레이트, 폴리글리세릴-3메틸글루코오스다이스테아레이트, 소듐아크릴레이트크로스폴리머-2, 데실글루코사이드, 아크릴레이트/C10-30알킬아크릴레이트크로스폴리머, 트로메타민, 폴리아크릴레이트크로스폴리머-6, 아데노신, 판테놀, 다이프로필렌글라이콜, 펜틸렌글라이콜, 베헤닐알코올, 잔탄검",20대,"건성, 복합성",None,55,7633
시드물 민중기 무기자차 썬크림 SPF40 PA++ 50g,16400,"대나무수액추출물,사이클로펜타실록산,티타늄디옥사이드(8.58%),마치현추출물,카프릴릭/카프릭트리글리세라이드,부틸렌글라이콜,피이지-10디메치콘,징크옥사이드(3.41%),디메치콘,실리카,피토스테릴/데실테트라데실미리스토일메칠베타-알라니네이트,헥실라우레이트,폴리글리세릴-2디이소스테아레이트,폴리글루타믹애씨드,소듐하이알루로네이트,왕귤껍질추출물,하이드로제네이티드레시틴,세라마이드엔피,락틱애씨드,피토스핑고신,올레익애씨드,감초추출물,녹차추출물,황금추출물,대나무추출물,고삼추출물,모란뿌리추출물,자몽추출물,쑥추출물,브델리아추출물,디포타슘글리시리제이트,와일드타임추출물,베타-글루칸,안젤리카뿌리추출물,알로에베라잎즙가루, 캐모마일꽃추출물,매도우스위트꽃추출물,바코파몬니에라추출물,하이드롤라이즈드선인장꽃추출물,위치하젤잎추출물,사카라이드아이소머레이트,콜레스테롤,세린,글라이신,글루타믹애씨드,알라닌,라이신,트레오닌,프롤린,소듐피씨에이,마그네슘아스파테이트,징크글루코네이트,카퍼글루코네이트,스테아릭애씨드,알루미늄하이드록사이드,소듐클로라이드,미리스틱애씨드,황색산화철,적색산화철,디소듐이디티에이,흑색산화철",30대,"지성, 복합성",None,56,41
[대용량] AHC 내추럴 퍼펙션 프레쉬 선스틱 22g,19000,"다이메티+B3:C67콘,비닐다이메티콘/메티콘실세스퀴옥세인크로스폴리머,폴리에틸렌,세틸에틸헥사노에이트,호모살레이트,에칠헥실메톡시신나메이트,다이카프릴릴카보네이트,하이드로제네이티드폴리(C6-14올레핀),에칠헥실살리실레이트,토코페릴아세테이트,디에칠아미노하이,록시벤조일헥실벤조에이트,비스-에칠헥실옥시페놀메톡시페닐트리아진,오조케라이트,오렌지오일,필리핀오렌지껍질오일,리씨열매오일,녹차추출물,동백나무꽃추출물,라벤더꽃수,병풀추출물,빙하수,보검선인장줄기추출물,쌀겨추출물,아르간커넬오일,알로에베라잎추출물,오렌지추출물
포트마리골드꽃추출물,코코넛야자오일,타히티바닐라추출물,해바라기씨오일불검화물,해수,락토바실러스/콩발효추출물,참마뿌리추출물
슈도알테로모나스발효추출물,오레가노잎추출물,편백잎추출물,흰버드나무껍질추출물,흰목이버섯추출물,쇠비름추출물,육계나무껍질추출물
황금추출물,알바수련꽃추출물,에필로비움 플레이스케리추출물,실론시나몬나무껍질추출물,람부탄가지/열매/잎추출물,리치추출물,망고스틴껍질추출물,티아꽃추출물,해바라기씨오일,알파-비사보롤,라우릴피이지-9폴리다이메틸실록시에틸다이메티콘,데하이드로아세틱애씨드,정제수,탄산수,하이드롤라이즈드하이알루로닉애씨드,다이프로필렌글라이콜,부틸렌글라이콜,글리세린,자일리틸글루코사이드,안하이드로자일리톨,카프릴로일글라이신,소듐팔미토일프롤린,헥실렌글라이콜,자일리톨,사코신,1,2-헥산다이올,시트릭애씨드,카프릴릴글라이콜,포타슘솔베이트,산소,에틸헥실글리세린,토코페롤,시트랄,리날룰,리모넨",30대,"건성, 복합성",None,57,4501
비레디 블루 수분 선크림 50ml 기획세트 (+20ml 증정),25000,"정제수, 부틸렌글라이콜, 호모살레이트, 에칠헥실살리실레이트, 변성알코올, 비스-에칠헥실옥시페놀메톡시페닐트리아진, 디에칠아미노하이드록시벤조일헥실벤조에이트, 실리카, 세틸에틸헥사노에이트, 에칠헥실트리아존, 테레프탈릴리덴디캠퍼설포닉애씨드, 트로메타민, 메틸트라이메티콘, 다이아이소프로필세바케이트, 세테아릴알코올, 하이드록시에틸아크릴레이트/소듐아크릴로일다이메틸타우레이트코폴리머, 포타슘세틸포스페이트, 1,2-헥산다이올, 하이드록시프로필스타치포스페이트, 아크릴레이트/C10-30알킬아크릴레이트크로스폴리머, 글리세릴스테아레이트, 하이드로제네이티드레시틴, 향료, 에틸헥실글리세린, 스테아릭애씨드, 폴리글리세릴-3메틸글루코오스다이스테아레이트, 팔미틱애씨드, 다이소듐이디티에이, 솔비탄아이소스테아레이트, 티타늄디옥사이드 (CI 77891), 마이카, 징크옥사이드, 에탄올, 인디고잎추출물, 마트리카리아꽃추출물, 미리스틱애씨드, 프로판다이올, 라우릭애씨드, 말라카이트추출물, 소듐하이알루로네이트, 틴옥사이드, 토코페롤, 소듐라우로일글루타메이트, 하이드롤라이즈드하이알루로닉애씨드, 라이신, 소듐하이알루로네이트크로스폴리머, 마그네슘클로라이드, 하이알루로닉애씨드, 소듐아세틸레이티드하이알루로네이트",20대,"건성, 복합성",None,58,128
비욘드 엔젤아쿠아 수분 수딩젤 더블기획 (200ml+200ml),15000,"정제수, 글리세린, 1,2-헥산다이올, 마데카소사이드, 알로에베라잎추출물, 포도덩굴수액, 하이드롤라이즈드소듐하이알루로네이트, 하이드롤라이즈드하이알루로닉애씨드, 하이드록시프로필트라이모늄하이알루로네이트, 소듐하이알루로네이트, 소듐하이알루로네이트크로스폴리머, 마카다미아씨오일, 올리브오일, 호호바씨오일, 포도씨오일, 전호추출물, 개똥쑥추출물, 님잎추출물, 녹차추출물, 베타-글루칸, 수용성프로테오글리칸, 가시대나무수액, 자작나무수액, 하늘타리뿌리추출물, 알란토인, 판테놀, 펜틸렌글라이콜, 에틸헥실글리세린, 카보머, 폴리글리세릴-10스테아레이트, 트로메타민, 폴리글리세릴-10올리에이트, 카프릴릴글라이콜, 부틸렌글라이콜, 글리세릴아크릴레이트/아크릴릭애씨드코폴리머, 수크로오스팔미테이트, 하이드로제네이티드레시틴, 트라이소듐이디티에이",20대,"건성, 복합성",None,59,95
[단독기획] 비플레인 선뮤즈 모이스처 선크림 기획 (50ml+20ml),26000,"정제수, 다이부틸아디페이트, 프로판다이올, 폴리메틸실세스퀴옥세인, 다이아이소프로필세바케이트, 디에칠아미노하이드록시벤조일헥실벤조에이트, 에칠헥실트리아존, 나이아신아마이드, 메칠렌비스-벤조트리아졸릴테트라메칠부틸페놀, 코코-카프릴레이트/카프레이트, 디에칠헥실부타미도트리아존, 글리세린, 1,2-헥산다이올, 부틸렌글라이콜, 카프릴릴메티콘, 펜틸렌글라이콜, 베헤닐알코올, 폴리C10-30알킬아크릴레이트, 폴리글리세릴-3메틸글루코오스다이스테아레이트, 데실글루코사이드, 트로메타민, 카보머, 아크릴레이트/C10-30알킬아크릴레이트크로스폴리머, 소듐스테아로일글루타메이트, 폴리아크릴레이트크로스폴리머-6, 에틸헥실글리세린, 아데노신, 잔탄검, t-부틸알코올, 토코페롤",30대,"건성, 복합성",None,60,218
"[유기자차 선크림]디어,클레어스 올 데이 에어리 선스크린 SPF50+ PA++++ 50g",19500,"정제수, 다이부틸아디페이트, 부틸옥틸살리실레
이트, 디에칠아미노하이드록시벤조일헥실벤조에이트, 폴
리실리콘-15, C12-15알킬벤조에이트, 에칠헥실트리아존,
비스-에칠헥실옥시페놀메톡시페닐트리아진, 폴리메틸실
세스퀴옥세인, 글리세린, 나이아신아마이드, 폴리글리세릴
-6스테아레이트, 세테아릴올리베이트, 마이크로크리스탈
린셀룰로오스, 판테놀, 실리카, 솔비탄올리베이트, 다이프
로필렌글라이콜, 하이드록시아세토페논, 폴리C10-30알
킬아크릴레이트, 폴리글리세릴-6베헤네이트, 알란토인,
카프릴릴글라이콜, 스테아릴알코올, 글리세릴스테아레이
트, 아크릴레이트/C10-30알킬아크릴레이트크로스폴리머,
트로메타민, 아데노신, 세테아릴알코올, 다이소듐이디티에
이, 부틸렌글라이콜, 쇠비름추출물, 알로에베라잎추출물,
참마뿌리추출물, 다시마추출물, 제비꽃꽃추출물, 당느릅나
무뿌리추출물, 다이포타슘글리시리제이트, 마카뿌리추출
물, 1,2-헥산다이올, 구기자추출물, 비치스트로베리추출
물, 불가리스매자뿌리추출물, 검은뽕나무열매추출물",20대,"건성, 복합성",None,61,126
식물나라 산소수워터프루프선크림(대용량) 100mL,19000,"정제수, 사이클로펜타실록세인, 징크옥사이드, 호모살레이트, 에칠헥실살리실레이트, 폴리글리세릴-3폴리다이메틸실록시에틸다이메티콘, 부틸렌글라이콜다이카프릴레이트/다이카프레이트, 프로필헵틸카프릴레이트, 글리세린, 나이아신아마이드, 다이프로필렌글라이콜, 메틸메타크릴레이트크로스폴리머, 티타늄디옥사이드, 디에칠아미노하이드록시벤조일헥실벤조에이트, 부틸옥틸살리실레이트, 비스-에칠헥실옥시페놀메톡시페닐트리아진, 알로에베라잎추출물, 울금뿌리추출물, 멕시칸치아씨추출물, 바오밥나무씨오일, 포트마리골드꽃추출물, 캐모마일꽃추출물, 드럼스틱씨오일, 가시대나무줄기추출물, 달맞이꽃오일, 쇠비름추출물, 병풀추출물, 약모밀추출물, 다이스테아다이모늄헥토라이트, 마그네슘설페이트, 1,2-헥산다이올, 칼슘알루미늄보로실리케이트, 솔비탄카프릴레이트, 폴리글리세릴-6폴리리시놀리에이트, 트라이에톡시카프릴릴실레인, 마이카, 스테아릭애씨드, 알루미늄하이드록사이드, 글리세릴카프릴레이트, 부틸렌글라이콜, 에틸헥실글리세린, 아데노신, 판테놀, 사카라이드하이드롤리세이트, 소듐하이알루로네이트, 프로판다이올, 토코페롤, 펜틸렌글라이콜, 산소(0.5ppm), 향료",20대,복합성,None,62,3427
[NEW] 비레디 블루 수분 선크림 50ml,25000,"정제수, 부틸렌글라이콜, 호모살레이트, 에칠헥실살리실레이트, 변성알코올, 비스-에칠헥실옥시페놀메톡시페닐 트리아진, 디에칠아미노하이드록시 벤조일헥실벤조에이트, 실리카, 세틸 에틸헥사노에이트, 에칠헥실트리아존, 테레프탈릴리덴디캠퍼설포닉애씨드, 트로메타민, 메틸트라이메티콘, 다이 아이소프로필세바케이트, 세테아릴 알코올, 하이드록시에틸아크릴레이트 /소듐아크릴로일다이메틸타우레이트 코폴리머, 포타슘세틸포스페이트, 1,2- 헥산다이올, 하이드록시프로필스타치 포스페이트, 아크릴레이트/C10-30 알킬아크릴레이트크로스폴리머, 글리 세릴스테아레이트, 하이드로제네이티드 레시틴, 향료, 에틸헥실글리세린, 스테 아릭애씨드, 폴리글리세릴-3메틸글루 코오스다이스테아레이트, 팔미틱애씨드, 다이소듐이디티에이, 솔비탄아이소스 테아레이트, 티타늄디옥사이드 (CI 77891), 마이카, 징크옥사이드, 에탄올, 인디고잎추출물, 마트리카리아꽃추출물, 미리스틱애씨드, 프로판다이올, 라우릭 애씨드, 말라카이트추출물, 소듐하이 알루로네이트, 틴옥사이드, 토코페롤, 소듐라우로일글루타메이트, 하이드롤 라이즈드하이알루로닉애씨드, 라이신, 소듐하이알루로네이트크로스폴리머, 마그네슘클로라이드, 하이알루로닉 애씨드, 소듐아세틸레이티드하이알루 로네이트",20대,"건성, 복합성",None,63,62
셀퓨전씨 스틱 썬스크린 19g (SPF50+PA++++),25000,"정제수, 폴리에틸렌, 다이메티콘, 호모살레이트, 메틸메타크릴레이트크로스폴리머, 에칠헥실메톡시신나메이트, 다이카프릴릴카보네이트, 에칠헥실살리실레이트, 디에칠아미노하이드록시벤조일헥실벤조에이트, 부틸렌글라이콜다이카프릴레이트/다이카프레이트, 비닐다이메티콘/메티콘실세스퀴옥세인크로스폴리머, 옥토크릴렌, 세틸에틸헥사노에이트, 비스-에칠헥실옥시페놀메톡시페닐트리아진, 오조케라이트, 다이부틸아디페이트, 1,2-헥산다이올, 라우릴폴리글리세릴-3폴리다이메틸실록시에틸다이메티콘, 베르가모트오일, 글리세릴카프릴레이트, 에틸헥실글리세린, 해수, 만주자작나무수액, 오렌지껍질오일, 사카라이드하이드롤리세이트, 프룩토올리고사카라이드, 라벤더오일, 데하이드로아세틱애씨드, 풀루란, 유칼립투스잎오일, 부틸렌글라이콜, 글리세린, 약모밀추출물, 프로필렌글라이콜, 판테놀, 옥틸도데칸올, 토코페롤, 말토덱스트린, 하이드로제네이티드레시틴, 세라마이드엔피, 수크로오스스테아레이트, 에키움 플란타기네움씨오일, 살비아잎추출물, 마조람잎추출물, 바질잎추출물, 해바라기씨오일불검화물, 콜레스테롤, 스테아릭애씨드, 팔미틱애씨드, 콜레스테릴마카다미에이트, 풍선덩굴꽃/잎/덩굴추출물, 쇠비름추출물, 사카라이드아이소머레이트, 하이드롤라이즈드루핀단백질, 리모넨, 리날룰",20대,복합성,None,64,4417
[톤업선크림 쿠션 VER] 달바 워터풀 톤업 선 쿠션 듀오 기획(15g+15g),52500,"정제수, 티타늄디옥사이드 (CI 77891), 부틸옥틸살리실레이트, 다이프로필렌글라이콜, 페네틸벤조에이트, 페닐프로필디메틸실록시실리케이트, 프로필헵틸카프릴레이트, 아이소노닐아이소노나노에이트, 부틸렌글라이콜, 다이부틸아디페이트, 폴리글리세릴-3폴리리시놀리에이트, 트라이메틸실록시실리케이트, 에탄올, 카프릴릴메티콘, 디에칠아미노하이드록시벤조일헥실벤조에이트, 나이아신아마이드, 실리카, 흰서양송로추출물, 토코페롤, 클로렐라 불가리스추출물, 오렌지껍질오일, 필리핀오렌지껍질오일, 리씨열매오일, 병풀추출물, 약모밀추출물, 복숭아추출물, 세룰라타벚나무꽃추출물, 소듐하이알루로네이트, 연꽃꽃추출물, 알바수련꽃추출물, 장미꽃추출물, 쇠비름추출물, 알로에베라잎추출물, 하이드롤라이즈드하이알루로닉애씨드, 양파추출물, 겔리듐 카르틸라기네움추출물, 레몬밤잎추출물, 살비아잎추출물, 하이알루로닉애씨드, 에칠헥실트리아존, 폴리프로필실세스퀴옥세인, 마그네슘설페이트, 폴리글리세릴-2아이소스테아레이트, 라우릴폴리글리세릴-3폴리다이메틸실록시에틸다이메티콘, 다이스테아다이모늄헥토라이트, 알루미늄하이드록사이드, 1,2-헥산다이올, 메칠렌비스-벤조트리아졸릴테트라메칠부틸페놀, 코코-카프릴레이트/카프레이트, 솔비탄세스퀴올리에이트, 비닐다이메티콘/메티콘실세스퀴옥세인크로스폴리머, 스테아릭애씨드, 아이소도데케인, 옥틸도데칸올, 폴리하이드록시스테아릭애씨드, 하이드록시아세토페논, 폴리글리세릴-6폴리리시놀리에이트, 글루코오스, 솔비탄아이소스테아레이트, 폴리글리세릴-4아이소스테아레이트, 프룩토올리고사카라이드, 프룩토오스, 폴리글리세릴-2다이폴리하이드록시스테아레이트, 데실글루코사이드, 아이소프로필티타늄트라이아이소스테아레이트, 아데노신, 트라이소듐에틸렌다이아민다이석시네이트, 글리세린, 에틸헥실글리세린, 판테놀, 사카라이드아이소머레이트, 프로판다이올, 벤질글라이콜, 하이드롤라이즈드글라이코사미노글리칸, 시트릭애씨드, 말토덱스트린, 소듐시트레이트, 소듐하이알루로네이트크로스폴리머, 하이드록시프로필트라이모늄하이알루로네이트, 소듐아세틸레이티드하이알루로네이트, 잔탄검, 포타슘솔베이트, 황색산화철 (CI 77492), 적색산화철 (CI 77491), 리모넨, 시트랄",30대,"건성, 복합성",None,65,426
AHC 누드 톤업 크림 내추럴 글로우 40ml,29000,"크림: 정제수,카프릴릭/카프릭트라이글리세라이드,프로필렌글라이콜다이벤조에이트,다이프로필렌글라이콜,티타늄디옥사이드 (CI 77891),디에칠아미노하이드록시벤조일헥실벤조에이트,에칠헥실트리아존,코코-카프릴레이트/카프레이트,부틸렌글라이콜,비스-에칠헥실옥시페놀메톡시페닐트리아진,1,2-헥산다이올,나이아신아마이드,캐스터오일/아이피디아이코폴리머,병풀추출물,폴리글리세릴-2아이소스테아레이트,글리세린,다이스테아다이모늄헥토라이트,황색산화철,폴리글리세릴-6폴리리시놀리에이트,암모늄아크릴로일다이메틸타우레이트/브이피코폴리머,아이소프로필티타늄트라이아이소스테아레이트,소듐아크릴레이트/소듐아크릴로일다이메틸타우레이트코폴리머,알루미늄하이드록사이드,솔비탄아이소스테아레이트,폴리아이소부텐,아크릴레이트/C10-30알킬아크릴레이트크로스폴리머,잔탄검,적색산화철,향료,향료,아데노신,카프릴릴/카프릴글루코사이드,솔비탄올리에이트,흑색산화철,부들레야추출물,타임추출물,치자꽃추출물,아스코빅애씨드,록샘파이어캘러스배양여과물,토코페롤,우레아,합성플루오르플로고파이트,다이소듐포스페이트,콜라겐추출물,바이오틴,시트릭애씨드,소듐하이알루로네이트,알루미나,트라이에톡시카프릴릴실레인,실리카,C20-24올레핀,틴옥사이드,하이드록시프로필트라이모늄하이알루로네이트,하이드롤라이즈드하이알루로닉애씨드,소듐아세틸레이티드하이알루로네이트,하이알루로닉애씨드,하이드롤라이즈드소듐하이알루로네이트,소듐하이알루로네이트크로스폴리머,포타슘하이알루로네이트 스틱: C12-15알킬벤조에이트,티타늄디옥사이드,하이드로제네이티드폴리아이소부텐,옥토크릴렌,합성왁스,에칠헥실메톡시신나메이트,에칠헥실살리실레이트,아이소노닐아이소노나노에이트,하이드로제네이티드폴리데센,카프릴릭/카프릭트라이글리세라이드,오조케라이트,디에칠아미노하이드록시벤조일헥실벤조에이트,비스-에칠헥실옥시페놀메톡시페닐트리아진,토코페릴아세테이트,폴리아이소부텐,마이카,비닐다이메티콘/메티콘실세스퀴옥세인크로스폴리머,합성플루오르플로고파이트,실리카,메틸메타크릴레이트크로스폴리머,솔비탄세스퀴올리에이트,폴리글리세릴-6폴리리시놀리에이트,부들레야잎추출물,타임꽃/잎추출물,병풀추출물,소듐하이알루로네이트,에틸렌/프로필렌/스타이렌코폴리머,글리세릴베헤네이트/에이코사디오에이트,알파-비사보롤,스테아랄코늄헥토라이트,스테아랄코늄헥토라이트,스테아랄코늄헥토라이트,알루미늄하이드록사이드,프로필렌카보네이트,폴리하이드록시스테아릭애씨드,프로필렌글라이콜다이카프릴레이트/다이카프레이트,부틸렌/에틸렌/스타이렌코폴리머,레시틴,아이소스테아릭애씨드,아이소프로필미리스테이트,에틸헥실팔미테이트,폴리글리세릴-3폴리리시놀리에이트,토코페롤,우레아,다이소듐포스페이트,정제수,펜타에리스리틸테트라-다이-t-부틸하이드록시하이드로신나메이트,바이오틴,아스코빅애씨드,하이드롤라이즈드콜라겐,다이메티콘,글리세린,부틸렌글라이콜,시트릭애씨드,다이메티콘/비닐다이메티콘크로스폴리머,1,2-헥산다이올,다이메틸실란올하이알루로네이트,하이드롤라이즈드소듐하이알루로네이트,하이드롤라이즈드하이알루로닉애씨드,소듐하이알루로네이트다이메틸실란올,소듐하이알루로네이트크로스폴리머,아세틸테트라펩타이드-5,포타슘하이알루로네이트,하이드록시프로필트라이모늄하이알루로네이트,하이알루로닉애씨드,소듐아세틸레이티드하이알루로네이트,향료,데하이드로아세틱애씨드,적색산화철,흑색산화철,황색산화철",40대 이상,건성,None,66,2
마녀공장 파데프리 선크림 50ml,28000,"정제수, 징크옥사이드, 사이클로헥사실록세인, 부틸옥틸살리실레이트, 프로판다이올, 프로필헵틸카프릴레이트, 티타늄디옥사이드, 카프릴릴메티콘, 폴리글리세릴-3폴리다이메틸실록시에틸다이메티콘, 나이아신아마이드, 메틸트라이메티콘, 트라이메틸실록시실리케이트, 코튼추출물, 하이드롤라이즈드식물성단백질, 부틸렌글라이콜, 다이스테아다이모늄헥토라이트, 마그네슘설페이트, 트라이에톡시카프릴릴실레인, 1,2-헥산다이올, 메틸메타크릴레이트크로스폴리머, 폴리글리세릴-2다이폴리하이드록시스테아레이트, 라우릴폴리글리세릴-3폴리다이메틸실록시에틸다이메티콘, 다이카프릴릴카보네이트, 글리세릴카프릴레이트, 합성플루오르플로고파이트, 카프릴릴글라이콜, 마이카, 에틸헥실글리세린, 토코페롤, 말토덱스트린, 아데노신, 황색산화철, 적색산화철, 흑색산화철",20대,복합성,None,67,231
[단독기획] 토리든 다이브인 무기자차 마일드 선크림 60ml 기획 (+20ml 추가 증정),25000,"정제수, 징크옥사이드, 사이클로헥사실록세인, 부틸옥틸살리실레이트, 프로필헵틸카프릴레이트, 프로판다이올, 다이카프릴릴카보네이트, 아이소도데케인, 폴리글리세릴-3폴리다이메틸실록시에틸다이메티콘, 카프릴릴메티콘, 소듐하이알루로네이트, 하이알루로닉애씨드, 하이드롤라이즈드소듐하이알루로네이트, 하이드롤라이즈드하이알루로닉애씨드, 소듐아세틸레이티드하이알루로네이트, 소듐하이알루로네이트크로스폴리머, 포타슘하이알루로네이트, 다이메틸실란올하이알루로네이트, 하이드록시프로필트라이모늄하이알루로네이트, 소듐하이알루로네이트다이메틸실란올, 판테놀, 알란토인, 트레할로오스, 세라마이드엔피, 버지니아풍년화추출물, 쇠비름추출물, 캐모마일꽃추출물, 호호바씨오일, 2,3-부탄다이올, 다이스테아다이모늄헥토라이트, 마그네슘설페이트, 트라이에톡시카프릴릴실레인, 메틸메타크릴레이트크로스폴리머, 폴리글리세릴-2다이폴리하이드록시스테아레이트, 라우릴폴리글리세릴-3폴리다이메틸실록시에틸다이메티콘, 글리세릴카프릴레이트, 카프릴릴글라이콜, 부틸렌글라이콜, 토코페롤, 에틸헥실글리세린, 1,2-헥산다이올, 인도멀구슬나무잎추출물, 인도멀구슬나무꽃추출물, 아이비고드열매추출물, 가지열매추출물, 알로에베라꽃추출물, 울금뿌리추출물, 참산호말추출물, 홀리바질잎추출물, 녹차추출물, 말라카이트추출물",30대,"건성, 복합성",None,68,1267
[단독기획] 휘게 비건 선크림 더블 기획(35ml+35ml),24300,"정제수, 에탄올, 디에칠아미노하이드록시벤조일헥실벤조에이트, 비스-에칠헥실옥시페놀메톡시페닐트리아진, 부틸옥틸살리실레이트, 다이부틸아디페이트, 에칠헥실트리아존, 헥실라우레이트, 나이아신아마이드, 폴리메틸실세스퀴옥세인, 카프릴릴메티콘, 소듐아크릴레이트크로스폴리머-2, 클로렐라 불가리스추출물, 사탕무뿌리추출물, 이소아밀p-메톡시신나메이트, 폴리실리콘-15, 1,2-헥산다이올, 펜틸렌글라이콜, 부틸렌글라이콜, 글루코오스, 소듐폴리아크릴로일다이메틸타우레이트, 하이드록시아세토페논, 폴리아크릴레이트크로스폴리머-6, 프룩토올리고사카라이드, 프룩토오스, 에틸헥실올리베이트, 소듐아크릴레이트코폴리머, 폴리글리세릴-4올리에이트, 아데노신, 에틸헥실글리세린, 다이소듐이디티에이",20대,"건성, 복합성",None,69,332
피지오겔 레드수딩 AI 센서티브 UV썬스크린 40ml,30000,"정제수, 에칠헥실메톡시신나메이트, 에칠헥실살리실레이트, C12-15알킬벤조에이트, 사이클로펜타실록세인, 다이프로필렌글라이콜, 페닐벤즈이미다졸설포닉애씨드, 포타슘세틸포스페이트, 티타늄디옥사이드, 글리세린, 세테아릴알코올, 세틸에틸헥사노에이트, 하이드로제네이티드폴리아이소부텐, 트로메타민, 비스-에칠헥실옥시페놀메톡시페닐트리아진, 1,2-헥산다이올, 디에칠아미노하이드록시벤조일헥실벤조에이트, 판테놀, 이눌린라우릴카바메이트, 글리세릴카프릴레이트, 글리세릴스테아레이트, 폴리메틸메타크릴레이트, 알루미늄스테아레이트, 마그네슘알루미늄실리케이트, 폴리하이드록시스테아릭애씨드, 세테아릴올리베이트, 솔비탄올리베이트, 알루미나, 잔탄검, 아크릴레이트/C10-30알킬아크릴레이트크로스폴리머, 팔미타마이드엠이에이, 소듐아크릴레이트/소듐아크릴로일다이메틸타우레이트코폴리머, 아세타마이드엠이에이, 베티버뿌리오일, 트라이소듐이디티에이, 사코신, 아이소헥사데칸, 후추열매오일, 생강오일, 카프릴릭/카프릭트라이글리세라이드, 육계잎오일, 아라키딜알코올, 다마스크장미꽃오일, 스쿠알란, 시어버터, 베헤닐알코올, 아라키딜글루코사이드, 하이드로제네이티드레시틴, 세라마이드엔피, 콜레스테롤, 스테아릭애씨드, 카보머, 글루코오스",40대 이상,"건성, 복합성",None,70,277
로레알파리 UV 디펜더 선크림 50ml 4종 (데일리톤업오일프리아쿠아),26000,정제수 에칠헥실메톡시신나메이트 드로메트리졸트리실록산 글리세린 프로필렌글라이콜 다이메티콘 티타늄디옥사이드 변성알코올 테레프탈릴리덴디캠퍼설포닉애씨드 디에칠아미노하이드록시벤조일헥실벤조에이트 트라이에탄올아민 비스-에칠헥실옥시페놀메톡시페닐트리아진 스테아릭애씨드 티타늄디옥사이드 포타슘세틸포스페이트 적색산화철/황색산화철/흑색산화철 아스코빌글루코사이드 토코페롤 소듐코코일사코시네이트 소듐시트레이트 소듐클로라이드 페녹시에탄올 피이지-100스테아레이트 팔미틱애씨드 리모넨 만니톨 잔탄검 리날룰 트로메타민 카프릴릴글라이콜 알파-아이소메틸아이오논 카보머 미리스틱애씨드 다이소듐이디티에이 세틸알코올 부틸렌글라이콜 비에이치티 시어버터씨드케이크추출물 비트레오스실라발효물 알루미늄하이드록사이드 헥실신남알 글리세릴스테아레이트 향료,"20대,30대,40대 이상","건성, 복합성",None,71,139
닥터올가 프리미엄 선프로텍션 크림 60ml (톤업 선크림),38000,"알로에베라잎즙, 다이카프릴릴카보네이트, 징크옥사이드, 사이클로펜타실록세인, 티타늄디옥사이드, 사이클로헥사실록세인, 부틸렌글라이콜, 폴리글리세릴-3폴리다이메틸실록시에틸다이메티콘, 카프릴릭/카프릭트라이글리세라이드, 프로판다이올, 옥틸도데칸올, 글리세린, 스테아릭애씨드, 펜틸렌글라이콜, 비즈왁스, 1,2-헥산다이올, 마그네슘설페이트, 폴리글리세릴-2다이폴리하이드록시스테아레이트, 칸데릴라왁스, 알루미늄하이드록사이드, 알파-비사보롤, 자일리틸글루코사이드, 폴리글리세릴-3다이아이소스테아레이트, 글리세릴카프릴레이트, 안하이드로자일리톨, 정제수, 자일리톨, C30-45알킬세테아릴다이메티콘크로스폴리머, 병풀추출물, 호호바씨오일, 해바라기씨오일, 호박씨오일, 황색산화철, 소듐글루코네이트, 글루코오스, 에틸헥실글리세린, 잔탄검, 아데노신, 다이포타슘글리시리제이트, 적색산화철, 흰버드나무껍질추출물, 오레가노잎추출물, 편백잎추출물, 황금추출물, 장미꽃오일, 쇠비름추출물, 락토바실러스/콩발효추출물, 육계나무껍질추출물",30대,"건성, 복합성",None,72,167
조선미녀 인삼선세럼 50ml,21000,"정제수, 인삼추출물, 다이부틸아디페이트, 디에칠아미노하이드록시벤조일헥실벤조에이트, 비스-에틸헥실옥시페놀메톡시페닐트라이아진, 에탄올, 아크릴레이트코폴리머, 부틸옥틸살리실레이트, C12-15알킬벤조에이트, 에칠헥실트리아존, 나이아신아마이드, 페네틸벤조에이트, 인삼열매추출물, 인삼전초추출물, 인삼잎/줄기추출물, 실리카, 메틸프로판다이올, 올리브오일, 발삼아미리스껍질오일, 안젤리카뿌리오일, 비터오렌지잎/잔가지오일, 갈바눔수지오일, 커먼자스민오일, 홍삼추출물, 이소아밀-p-메톡시신나메이트, 폴리실리콘-15, 폴리메틸실세스퀴옥세인, 1,2-헥산다이올, 다이부틸라우로일글루타마이드, 펜틸렌글라이콜, 다이부틸에틸헥사노일글루타마이드, 암모늄아크릴로일다이메틸타우레이트/브이피코폴 리머, 소듐아크릴레이트크로스폴리머-2, 소듐폴리아크릴로일다이메틸타우레이트, C30-45알킬다이메틸실릴폴리프로필실세스퀴옥세인, 하이드록시아세토페논, 아데노신, 글리세린, 부틸렌글라이콜, 에틸헥산다이올, 토코페롤, 에틸헥실글리세린, 잔탄검, 다이소듐이디티에이",30대,"건성, 복합성",None,73,16
[NEW] 에스쁘아 워터 스플래쉬 선크림 세라마이드 60ml,22000,"정제수, 부틸렌글라이콜, C12-15알킬벤조에이트, 에칠헥실메톡시신나메이트, 티타늄디옥사이드, 비스-에칠헥실옥시페놀메톡시페닐트리아진, 디에칠아미노하이드록시벤조일헥실벤조에이트, 사이클로펜타실록세인, 실리카, 사이클로헥사실록세인, 다이페닐실록시페닐트라이메티콘, 1,2-헥산다이올, 폴리아크릴레이트-13, 알루미늄스테아레이트, 폴리하이드록시스테아릭애씨드, 알루미나, 폴리아이소부텐, 스테아릭애씨드, 향료, 카프릴릴글라이콜, 카보머, 다이소듐이디티에이, 에틸헥실글리세린, 폴리솔베이트20, 솔비탄아이소스테아레이트, 적색산화철, 황색산화철, 세라마이드엔피, 프로판다이올, 비에이치티, 병풀꽃/잎/줄기추출물, 창포뿌리추출물, 토코페롤, 아세틸테트라펩타이드-5",20대,"건성, 복합성",None,74,1895
[더보이즈 큐PICK]듀이트리 어반쉐이드 커버 앤 핏 선 1+1기획(40ml+40ml),24000,"정제수, 티타늄디옥사이드, 페닐트라이메티콘, 부틸렌글라이콜, 부틸옥틸살리실레이트, 사이클로펜타실록세인, 글리세린, 아이소도데케인, 폴리글리세릴-4다이아이소스테아레이트/폴리하이드록시스테아레이트/세바케이트, 부틸렌글라이콜다이카프릴레이트/다이카프레이트, 나이아신아마이드, 다이메티콘, 폴리메틸메타크릴레이트, 폴리글리세릴-3폴리리시놀리에이트, 폴리메틸실세스퀴옥세인, 소듐클로라이드, 황색산화철, 다이스테아다이모늄헥토라이트, 트라이메틸실록시실리케이트, 다이메티콘/비닐다이메티콘크로스폴리머, 솔비탄아이소스테아레이트, 알루미늄하이드록사이드, 솔비탄세스퀴올리에이트, 합성비즈왁스, 마이카, 프로판다이올, 쇠비름추출물, 스테아릭애씨드, 판테놀, 다이실록세인, 트라이에톡시카프릴릴실레인, 소듐벤조에이트, 적색산화철, 트라이메틸실록시실리케이트/다이메티콘올크로스폴리머, 프로필렌카보네이트, 포타슘솔베이트, 실리카, 자작나무수액, 폴리하이드록시스테아릭애씨드, 불가리스쑥오일, 다이소듐이디티에이, 흑색산화철, 아데노신, 다이소듐스테아로일글루타메이트, 에틸헥실팔미테이트, 아이소프로필미리스테이트, 아이소스테아릭애씨드, 레시틴, 하이알루로닉애씨드, 하이드롤라이즈드하이알루로닉애씨드, 소듐하이알루로네이트, 1,2-헥산다이올, 바오밥나무씨추출물, 쇠뜨기추출물, 올리브나무잎추출물, 크랜베리추출물, 프룩탄, 회화나무꽃추출물",20대,복합성,None,75,977
케어존 데일리&패밀리 선크림 시즌 특별기획,20000,"[정품]사이클로펜타실록산, 정제수, 징크옥사이드, 부틸렌글라이콜, 피이지-10디메치콘, 헥실데실에칠헥사노에이트, 티타늄디옥사이드, 페닐벤즈이미다졸설포닉애씨드, 세틸에칠헥사노에이트, 글리세린, 디프로필렌글라이콜, 트로메타민, 헥실라우레이트, 판테놀, 디스테아디모늄헥토라이트, 1,2-헥산디올, 디메치콘/비닐디메치콘크로스폴리머, 디메치콘/메치콘코폴리머, 메치콘, 타히티바닐라추출물, 징크스테아레이트, 이소스테아릭애씨드, 알라닐글루타민, 소르비탄세스퀴이소스테아레이트, 매도우스위트추출물, 알루미나, 브이피/에이코센코폴리머, 아크릴레이트/디메치콘코폴리머, 토코페릴아세테이트, 디포타슘글리제이트, 디스테아릴디모늄클로라이드, 지실추출물, 해수, 톨오일스테롤, 토코페롤, 카퍼트리펩타이드-1, 소듐아스코베이트, 만니톨, 리놀레익애씨드, 레시틴, 디팔미토일하이드록시프롤린, 라벤더꽃추출물, 어성초추출물, 사과수, 마시멜로뿌리추출물, 로즈마리잎추출물, 카보머, 폴리소르베이트20, 팔리토일올리고펩타이드, 팔미토일테트라펩타이드-7, 향료

[증정품-아크네폼]정제수, 미리스틱애씨드, 글리세린, 포타슘하이드록사이드, 스테아릭애씨드, 프로필렌글라이콜, 라우릭애씨드, 피이지-8, 글라이콜스테아레이트, 비즈왁스, 올리브오일, 글리세릴스테아레이트, 피이지-40하이드로제네이티드캐스터오일, 피이지-100스테아레이트, 판테놀, 아르니카꽃추출물, 세이지잎추출물, 세테아릴알코올, 살리실릭애씨드, 코카미도프로필베타인, 소르비톨, 트리소듐이디티에이, 소듐벤조에이트, 향료, 리모넨, 리날룰",30대,"건성, 복합성",None,76,804
닥터지 레드 블레미쉬 수딩 업 선스틱 21g,27000,"정제수, 코코-카프릴레이트/카프레이트, 다이부틸아디페이트, 합성왁스, 부틸옥틸살리실레이트, 다이에틸헥실2,6-나프탈레이트, 디에칠아미노하이드록시벤조일헥실벤조에이트, 비닐다이메티콘, 에칠헥실트리아존, 나이아신아마이드, 마이크로크리스탈린왁스, 비닐다이메티콘/메티콘실세스퀴옥세인크로스폴리머, 폴리실리콘-15, 비스-에칠헥실옥시페놀메톡시페닐트리아진, 다이프로필렌글라이콜, 병풀추출물, 병풀뿌리추출물, 병풀잎추출물, 프랑스해안송껍질추출물, 타라열매추출물, 매실추출물, 사과추출물, 파파야열매추출물, 포도추출물, 코토니추출물, 밀몽화꽃추출물, 폴리글리세릴-4다이아이소스테아레이트/폴리하이드록시스테아레이트/세바케이트, 글리세릴카프릴레이트, 소듐클로라이드, 라우릴폴리글리세릴-3폴리다이메틸실록시에틸다이메티콘, 부틸렌글라이콜, 에틸헥실글리세린, 아데노신, 1,2-헥산다이올, 효모발효물, 아시아티코사이드, 마데카소사이드, 토코페롤, 프로판다이올, 옥타데케인, 락틱애씨드/글라이콜릭애씨드코폴리머, 마데카식애씨드, 아시아틱애씨드, 잔탄검, 카프릴릴글라이콜",20대,"건성, 복합성",None,77,1246
에스쁘아 워터 스플래쉬 선크림 프레쉬 시카 60ml SPF50+ PA++++,22000,"정제수, 다이부틸아디페이트, 프로판다이올, 변성알코올, 부틸옥틸살리실레이트, 에칠헥실트리아존, 테레프탈릴리덴디캠퍼설포닉애씨드, 글리세린, 나이아신아마이드, 폴리글리세릴-3다이스테아레이트, 트로메타민, 1,2-헥산다이올, 펜틸렌글라이콜, 세테아릴알코올, 디에칠아미노하이드록시벤조일헥실벤조에이트, 카프릴릴메티콘, 폴리실리콘-15, 팔미틱애씨드, 실리카, 글리세릴스테아레이트, 비스-에칠헥실옥시페놀메톡시페닐트리아진, 폴리메틸실세스퀴옥세인, 포타슘세틸포스페이트, 스테아릭애씨드, 메틸프로판다이올, 에탄올, 암모늄아크릴로일다이메틸타우레이트/브이피코폴리머, 암모늄폴리아크릴로일다이메틸타우레이트, 향료, 에틸헥실글리세린, 글리세릴스테아레이트시트레이트, 카보머, 아크릴레이트/C10-30알킬아크릴레이트크로스폴리머, 아데노신, 덱스트린, 폴리에터-1, 황벽나무껍질추출물, T-부틸알코올, 치자추출물, 미리스틱애씨드, 병풀추출물, 녹차수, 바이오사카라이드검-1, 부틸렌글라이콜, 토코페롤, 에난티아 클로란타껍질추출물, 바실러스/소이빈발효추출물, 꽃생강뿌리추출물, 바오밥나무열매추출물, 폴릭애씨드, 소듐하이알루로네이트, 올레아놀릭애씨드, 크산토필",20대,"건성, 복합성",None,78,204
[올리브영 단독기획] 휘게 릴리프 선 모이스처라이저 50ml 1+1 기획,27000,"정제수, 다이부틸아디페이트, 프로판다이올, 변성알코올, 편백수, 에칠헥실트리아존, 테레프탈릴리덴디캠퍼설포닉애씨드, 글리세린, 나이아신아마이드, 폴리글리세릴-3다이스테아레이트, 트로메타민, 1,2-헥산다이올, 펜틸렌글라이콜, 디에칠아미노하이드록시벤조일헥실벤조에이트, 세테아릴알코올, 카프릴릴메티콘, 폴리실리콘-15, 코치닐선인장열매추출물, 무화과추출물, 병풀추출물, 바오밥나무열매추출물, 보검선인장줄기추출물, 하이드로제네이티드레시틴, 카프릴릭/카프릭/석시닉트라이글리세라이드, 팔미틱애씨드, 글리세릴스테아레이트, 비스-에칠헥실옥시페놀메톡시페닐트리아진, 포타슘세틸포스페이트, 폴리메틸실세스퀴옥세인, 스테아릭애씨드, 메틸프로판다이올, 자일리틸글루코사이드, 암모늄아크릴로일다이메틸타우레이트/브이피코폴리머, 안하이드로자일리톨, 실리카, 자일리톨, 에틸헥실글리세린, 폴리아크릴레이트크로스폴리머-6, 글리세릴스테아레이트시트레이트, 아데노신, 글루코오스, 다이소듐이디티에이, 소듐폴리아크릴레이트, 폴리에터-1, 미리스틱애씨드, t-부틸알코올, 부틸렌글라이콜, 바이오사카라이드검-1, 알파-비사보롤, 토코페롤, 세라마이드엔피",30대,"건성, 복합성",None,79,116
김정문알로에 큐어 아쿠아 마일드 그린 선 크림 40ml,25000,"알로에베라잎즙, 징크옥사이드, 사이클로헥사실록세인, 메틸트라이메티콘, 부틸 옥틸살리실레이트, 부틸렌글라이콜, 글리세린, 프로판다이올, 폴리글리세릴-3 폴리다이메틸실록시에틸다이메티콘, 다이스테아다이모늄헥토라이트, 1,2-헥산 다이올,폴리글리세릴-2다이폴리하이드록시스테아레이트, 마그네슘설페이트, 카프릴릴메티콘, 트라이에톡시카프릴릴실레인, 솔비탄세스퀴올리에이트, 정제수,라우릴폴리글리세릴-3폴리다이메틸실록시에틸다이메티콘, 다이머 다이리놀레일다이머다이리놀리에이트, C30-45알킬세테아릴다이메티콘 크로스폴리머, 다이포타슘글리시리제이트, 에틸헥실글리세린, 병풀추출물, 멕시칸치아씨추출물, 하이드로제네이티드레시틴, 약모밀추출물, 무화과추출물, 서양배꽃추출물, 베타-글루칸, 세라마이드엔피, 폴스애플민트잎추출물, 녹차 추출물, 타임잎추출물",20대,"건성, 복합성",None,80,67
[퍼프 증정] 라타플랑 미나리 진정 선크림 기획세트 (50ml+20ml 증정),25000,"정제수, 미나리추출물, 다이부틸아디페이트, 프로판다이올, 에칠헥실트리아존, 테레프탈릴리덴디캠퍼설포닉애씨드, 나이아신아마이드, 트로메타민, 폴리글리세릴-3다이스테아레이트, 1,2-헥산다이올, 세테아릴알코올, 판테놀, 펜틸렌글라이콜, 디에칠아미노하이드록시벤조일헥실벤조에이트, 카프릴릴메티콘, 폴리실리콘-15, 인도멀구슬나무잎추출물, 인도멀구슬나무꽃추출물, 풍선덩굴꽃/잎/덩굴추출물, 향기제비꽃잎추출물, 병풀추출물, 약모밀추출물, 티트리잎추출물, 케이프알로에잎추출물, 냉초추출물, 더위지기추출물, 에키움 플란타기네움씨오일, 연필향나무오일, 불가리스쑥오일, 광곽향오일, 라벤더오일, 로즈마리잎오일, 캐모마일꽃오일, 옥틸도데칸올, 폴리메틸실세스퀴옥세인, 글리세릴스테아레이트, 비스-에칠헥실옥시페놀메톡시페닐트리아진, 포타슘세틸포스페이트, 부틸렌글라이콜, 메틸프로판다이올, 카보머, 글리세릴스테아레이트시트레이트, 아크릴레이트/C10-30알킬아크릴레이트크로스폴리머, 에틸헥실글리세린, 암모늄아크릴로일다이메틸타우레이트/브이피코폴리머, 아데노신, 폴리에터-1, 해바라기씨오일불검화물, 토코페롤, 바이오사카라이드검-1, 자일리틸글루코사이드, 안하이드로자일리톨, 자일리톨, 글루코오스",30대,"건성, 복합성",None,81,896
라로슈포제 유비데아 안뗄리오스 톤업 라이트 30ml 기획 (+똘러리앙 폼 15ml+시카밤 3ml 증정),35000,"유비데아 안뗄리오스 톤업 라이트
정제수 에칠헥실메톡시신나메이트 스쿠알란 티타늄디옥사이드 글리세린 드로메트리졸트리실록산 테레프탈릴리덴디캠퍼설포닉애씨드 프로필렌글라이콜 변성알코올 트라이에탄올아민 다이프로필렌글라이콜 마이카 스테아릭애씨드 포타슘세틸포스페이트 토코페롤 나일론-12 아크릴아마이드/소듐아크릴로일다이메틸타우레이트코폴리머 알루미늄하이드록사이드 비에이치티 비스-에칠헥실옥시페놀메톡시페닐트리아진 부틸렌글라이콜 시어버터씨드케이크추출물 카프릴릴글라이콜 카보머 세틸알코올 바륨설페이트 티타늄디옥사이드 디에칠아미노하이드록시벤조일헥실벤조에이트 다이소듐이디티에이 에칠헥실트리아존 글리세릴스테아레이트 아이소헥사데칸 미리스틱애씨드 모란뿌리추출물 팔미틱애씨드 피이지-100스테아레이트 페녹시에탄올 폴리솔베이트80 포타슘솔베이트 소듐클로라이드 소듐코코일사코시네이트 솔비탄올리에이트 테르무스테르모필루스발효물 트로메타민 잔탄검

시카플라스트 밤 B5+
정제수 하이드로제네이티드폴리아이소부텐 다이메티콘 글리세린 시어버터 판테놀 옥수수전분 프로판다이올 부틸렌글라이콜 세틸피이지/피피지-10/1다이메티콘 트라이하이드록시스테아린 병풀잎추출물 야콘뿌리즙 징크글루코네이트 마데카소사이드 망가니즈글루코네이트 알파-글루칸올리고사카라이드 실리카 알루미늄하이드록사이드 마그네슘설페이트 만노오스 카프릴로일글라이신 카프릴릴글라이콜 비트레오스실라발효물 시트릭애씨드 트라이소듐에틸렌다이아민다이석시네이트 락토바실러스 아세틸레이티드글라이콜스테아레이트 말토덱스트린 폴리글리세릴-4아이소스테아레이트 토코페롤 펜타에리스리틸테트라-다이-t-부틸하이드록시하이드로신나메이트 티타늄디옥사이드

똘러리앙 포밍 크림",30대,복합성,None,82,1447
[베스트밀착수분] 셀퓨전씨 아쿠아티카 썬스크린 100 50ml 기획(쿨링패드 2매입2),39000,"정제수, 다이부틸아디페이트, 프로판다이올, 변성알코올, 에칠헥실트리아존, 테레프탈릴리덴디캠퍼설포닉애씨드, 글리세린,
폴리글리세릴-3다이스테아레이트, 트로메타민, 1,2-헥산다이올, 펜틸렌글라이콜, 디에칠아미노하이드록시벤조일헥실벤조에이트,
세테아릴알코올, 폴리실리콘-15, 워터민트추출물, 베르가모트오일, 소듐하이알루로네이트, 카프릴릴메티콘, 팔미틱애씨드,
글리세릴스테아레이트, 비스-에칠헥실옥시페놀메톡시페닐트리아진, 포타슘세틸포스페이트, 폴리메틸실세스퀴옥세인, 스테아릭애씨드,
메틸프로판다이올, 암모늄아크릴로일다이메틸타우레이트/브이피코폴리머, 에틸헥실글리세린, 폴리아크릴레이트크로스폴리머-6,
글리세릴스테아레이트시트레이트, 소듐폴리아크릴레이트, 폴리에터-1, 미리스틱애씨드, 피브이엠/엠에이코폴리머, t-부틸알코올,
알란토인, 다이프로필렌글라이콜, 바이오사카라이드검-1,토코페롤, 하이드롤라이즈드하이알루로닉애씨드, 소듐아세틸레이티드하이알
루로네이트, 리모넨, 리날룰",20대,"건성, 복합성",None,83,2406
프레시안 워터풀 시카 선로션 35ml (비건),30000,"정제수, 변성알코올, 에칠헥실메톡시신나메이트, 에칠헥실살리실레이트, 부틸렌글라이콜, 카프릴릴트라이메티콘, 비스-에칠헥실옥시페놀메톡시페닐트리아진, 글리세린, 나이아신아마이드, 하이드로제네이티드레시틴, 디에칠아미노하이드록시벤조일헥실벤조에이트, 이소아밀P-메톡시신나메이트, 페닐벤즈이미다졸설포닉애씨드, 폴리솔베이트20, 에이치디아이/트라이메틸올헥실락톤크로스폴리머, 카프릴릭/카프릭트라이글리세라이드, 합성플루오르플로고파이트, 트로메타민, 폴리아크릴레이트크로스폴리머-6, 피이지-10레이프씨드스테롤, 피토스테릴/옥틸도데실라우로일글루타메이트, 알라닐글루타민, 육두구추출물, 스테아릭애씨드, 베헤닉애씨드, 아데노신, 알루미늄미리스테이트, 미리스틱애씨드, 실리카, T-부틸알코올, 병풀잎추출물, 하이알루로닉애씨드, 하이드롤라이즈드하이알루로닉애씨드, 하이드롤라이즈드소듐하이알루로네이트, 하이드록시프로필트라이모늄하이알루로네이트, 마데카소사이드, 소듐하이알루로네이트, 귤껍질추출물, 더덕뿌리추출물, 무화과추출물, 레몬밤잎추출물, 석류추출물, 향료, 리모넨, 리날룰, 헥실신남알, 시트랄",20대,"건성, 복합성",None,84,3
[한겹톤업] 아떼 비건 릴리프 톤업 선 비비 50ml 1+1 기획,34000,"정제수, 징크옥사이드, 사이클로헥사실록세인, 부틸옥틸살리실레이트, 프로판다이올, 프로필헵틸카프릴레이트, 아이소도데케인, 폴리글리세릴-3폴리다이메틸실록시에틸다이메티콘, 티타늄디옥사이드, 카프릴릴메티콘, 나이아신아마이드, 폴리메틸실세스퀴옥세인, 복숭아추출물, 서양송악추출물, 마트리카리아추출물, 피버퓨추출물, 스피드웰추출물, 오이풀뿌리추출물, 소듐하이알루로네이트, 다이스테아다이모늄헥토라이트, 마그네슘설페이트, 트라이에톡시카프릴릴실레인, 1,2-헥산다이올, 폴리글리세릴-2다이폴리하이드록시스테아레이트, 라우릴폴리글리세릴-3폴리다이메틸실록시에틸다이메티콘, 다이카프릴릴카보네이트, 마이카, 글리세릴카프릴레이트, 카프릴릴글라이콜, 알루미늄하이드록사이드, 에틸헥실글리세린, 아데노신, 토코페롤, 4-터피네올, 이노시톨, 부틸렌글라이콜, 메틸프로판다이올, 효모발효여과물, 구아이아줄렌, 향료, 황색산화철, 적색산화철, 흑색산화철",20대,복합성,None,85,159
AHC 세이프온 마일드 선 쿠션 25g,29000,"병풀추출물, 징크옥사이드 (CI 77947), 카프릴릴메티콘, 부틸옥틸살리실레이트, 티타늄디옥사이드 (CI 77891), 옥틸도데칸올, 메틸트라이메티콘, 폴리프로필실세스퀴옥세인, 아크릴레이트코폴리머, 폴리메틸실세스퀴옥세인, 폴리글리세릴-6폴리하이드록시스테아레이트, 티트리추출물, 사과추출물, 하이드롤라이즈드식물성단백질, 아보카도열매추출물, 코튼씨추출물, 효모발효추출물, 홀리바질잎추출물, 님잎추출물, 콘민트추출물, 키라야타추출물, 폴리페닐실세스퀴옥세인, 폴리글리세릴-3폴리다이메틸실록시에틸다이메티콘, 트라이에톡시카프릴릴실레인, 아이소도데케인, 1,2-헥산다이올, 프로판다이올, 알파-비사보롤, 메틸메타크릴레이트크로스폴리머, 라우릴폴리글리세릴-3폴리다이메틸실록시에틸다이메티콘, 알루미늄하이드록사이드, 폴리글리세릴-4올리에이트, 스테아릭애씨드, 실리카, 폴리글리세릴-6폴리리시놀리에이트, 글리세린, 폴리글리세릴-3폴리리시놀리에이트, 하이드록시아세토페논, 마그네슘설페이트, 아데노신, 폴리글리세린-6, 에틸헥실글리세린, 말토덱스트린, 카르노신, 하이드롤라이즈드알엔에이, 멘톤글리세린아세탈, 부틸렌글라이콜, 토코페롤, 마이크로코쿠스용해물, 아스코빌팔미테이트, 소듐디엔에이, 시트릭애씨드, 팔미토일트라이펩타이드-5, 크로뮴옥사이드그린 (CI 77288)",20대,복합성,None,86,1299
[화해1위]하멜 비건 아쿠아 글로우 선세럼 50ml,28000,"정제수, 다이부틸아디페이트, 프로판다이올, 부틸옥틸살리실레이트, 에칠헥실트리아존, 테레프탈릴리덴디캠퍼설포닉애씨드, 폴리글리세릴-3다이스테아레이트, 나이아신아마이드, 트로메타민, 1,2-헥산다이올, 펜틸렌글라이콜, 디에칠아미노하이드록시벤조일헥실벤조에이트, 폴리실리콘-15, 아이비고드열매추출물, 한련초추출물, 동백나무꽃추출물, 병풀추출물, 흰목이버섯추출물, 드럼스틱씨추출물, 꽃생강뿌리추출물, 소듐하이알루로네이트, 클레리오일, 글리세릴스테아레이트, 비스-에칠헥실옥시페놀메톡시페닐트리아진, 세테아릴알코올, 글리세린, 카보머, 암모늄아크릴로일다이메틸타우레이트/브이피코폴리머, 글리세릴스테아레이트시트레이트, 이눌린라우릴카바메이트, 아크릴레이트/C10-30알킬아크릴레이트크로스폴리머, 소듐스테아로일글루타메이트, 에틸헥실글리세린, 아데노신, 메틸프로판다이올, 폴리에터-1, 말토덱스트린, 하이드롤라이즈드식물성단백질, 바이오사카라이드검-1",20대,"건성, 복합성",None,87,186
마녀공장 파데프리 선크림 모이스처 50ml SPF50+ PA++++,28000,"정제수, 다이부틸아디페이트, 다이프로필렌글라이콜, 티타늄디옥사이드 (CI 77891), 글리세린, 아이소노닐아이소노나노에이트, 코코-카프릴레이트/카프레이트, 디에칠아미노하이드록시벤조일헥실벤조에이트, 나이아신아마이드, 폴리메틸실세스퀴옥세인, 1,2-헥산다이올, 돌나물추출물, 트루로즈오브예리코추출물, 하이드롤라이즈드하이알루로닉애씨드, 스쿠알란, 토코페롤, 부틸렌글라이콜, 비스-에칠헥실옥시페놀메톡시페닐트리아진, 에칠헥실트리아존, 펜틸렌글라이콜, 폴리실리콘-15, 실리카, 테레프탈릴리덴디캠퍼설포닉애씨드, 폴리하이드록시스테아릭애씨드, 폴리글리세릴-3다이스테아레이트, 소듐폴리아크릴로일다이메틸타우레이트, 포타슘세틸포스페이트, 트로메타민, 아이소도데케인, 옥틸도데칸올, 알루미늄하이드록사이드, 스테아릭애씨드, 폴리아크릴레이트크로스폴리머-6, 암모늄폴리아크릴로일다이메틸타우레이트, 폴리글리세릴-4아이소스테아레이트, 아이소프로필티타늄트라이아이소스테아레이트, 폴리글리세릴-2다이폴리하이드록시스테아레이트, 하이드록시프로필메틸셀룰로오스스테아록시에터, 에틸헥실글리세린, 소듐폴리아크릴레이트, 글리세릴스테아레이트시트레이트, 아데노신, 베헤닐알코올, 다이소듐이디티에이, 황색산화철 (CI 77492), 적색산화철 (CI 77491)",30대,"건성, 복합성",None,88,27
아넷사 퍼펙트 UV 선스크린 스킨케어 젤 N 90g,28000,"정제수, 에탄올, 에칠헥실메톡시신나메이트, 다이메티콘, 에칠헥실살리실레이트, 피이지/피피지-9/2다이메틸에터, 호모살레이트, 비스-에칠헥실옥시페놀메톡시페닐트리아진, 에칠헥실트리아존, 다이아이소프로필세바케이트, 디에칠아미노하이드록시벤조일헥실벤조에이트, 실리카, 티타늄디옥사이드, 글리세린, 카프릴릴메티콘, 피피지-17, 아크릴아마이드/디마파아크릴레이트/메톡시피이지메타크릴레이트코폴리머, 페녹시에탄올, 덱스트린팔미테이트/에틸헥사노에이트, 트라이플루오로프로필다이메틸/트라이메틸실록시실리케이트, 하이드레이티드실리카, 피이지-60하이드로제네이티드캐스터오일, C30-45알킬메티콘, C30-45올레핀, 트라이에톡시카프릴릴실레인, 카보머, 포타슘하이드록사이드, 잔탄검, 아가, 아크릴레이트/C10-30알킬아크릴레이트크로스폴리머, 향료, 다이스테아릴다이모늄클로라이드, 부틸렌글라이콜, 스테아릭애씨드, 피이지/피피지-14/7다이메틸에터, 덱스트린팔미테이트, 피이지-6, 비에이치티, 사카라이드아이소머레이트, 다이포타슘글리시리제이트, 녹차추출물, 토멘틸뿌리추출물, 소듐시트레이트, 소듐아세틸레이티드하이알루로네이트, 시트릭애씨드, 합성플루오르플로고파이트, 트라이에톡시실릴에틸폴리다이메틸실록시에틸다이메티콘, 토코페롤, 수용성콜라겐, 리날룰, 리모넨, 헥실신남알, 제라니올, 시트로넬올",30대,"건성, 복합성",None,89,627
에끌라두 UV 오일프리 선크림 SPF50+PA ++++ 기획,28000,"정제수, 에칠헥실메토시신나메이트, 다이프로필렌글라이콜, 티타늄디옥사이드, 다이부틸아디페이트, C12-15알킬벤조에이트, 비스-에칠헥실옥시페놀메톡시페닐트리아진, 디에칠아미노하이드록시벤조일헥실벤조에이트, 세테아릴알코올, 폴리솔베이트60, 세테아릴올리베이트, 1,2-헥산다이올, 에칠헥실트리아존, 세테아릴글루코사이드, 솔비탄올리베이트, 알로에베라잎즙가루, 알란토인, 판테놀, 베타-글루칸, 소듐하이알루로네이트, 봉선화꽃추출물, 찔레꽃열매추출물, 마카뿌리추출물, 비파나무잎추출물, 얌빈뿌리추출물, 흑효모발효물, 부틸렌글라이콜, 글리세린, 토코페릴아세테이트, 하이드록시에틸아크릴레이트/소듐아크릴로일다이메틸타우레이트코폴리머, 솔비탄아이소스테아레이트, 알루미늄하이드록사이드, 스테아릭애씨드, 다이메티콘, 다이메티콘/비닐다이메티콘, 크로스폴리머, 라우레스-23, 소듐폴리아크릴레이트, 하이드로제네이티드폴리데센, 트라이데세스-6, 클로페네신, 데실렌글라이콜, 카프릴릴글라이콜, 펜틸렌글라이콜",30대,"건성, 복합성",None,90,1042
에스트라 더마UV365 장벽수분 무기자차 선크림 40ml+10ml 기획 (+크림10ml 증정)(2307),31000,"정제수, 징크옥사이드, 사이클로헥사실록세인, 프로판다이올, 부틸옥틸살리실레이트, 프로필헵틸카프릴레이트, 아이소도데케인, 폴리글리세릴-3폴리다이메틸실록시에틸다이메티콘, 카프릴릴메티콘, 다이실록세인, 다이스테아다이모늄헥토라이트, 마그네슘설페이트, 트라이에톡시카프릴릴실레인, 1,2-헥산다이올, 폴리메틸실세스퀴옥세인, 폴리글리세릴-2다이폴리하이드록시스테아레이트, 라우릴폴리글리세릴-3폴리다이메틸실록시에틸다이메티콘, 알란토인, 카프릴릴글라이콜, 글리세릴카프릴레이트, 에틸헥실글리세린, 소듐하이알루로네이트, 세라마이드엔피, 토코페롤, 소듐아세틸레이티드하이알루로네이트, 하이드롤라이즈드하이알루로닉애씨드",20대,복합성,None,91,1725
[베스트밀착톤업] 셀퓨전씨 토닝 썬스크린 1+1기획 (35ml+35ml),27900,"정제수, 사이클로펜타실록세인, 징크옥사이드, 호모살레이트, 에칠헥실살리실레이트, 코코-카프릴레이트/카프레이트, 다이프로필렌글라이콜, 카프릴릴메티콘, 티타늄디옥사이드, 라우릴피이지-10트리스(트라이메틸실록시)실릴에틸다이메티콘, 글리세린, 나이아신아마이드, 페닐트라이메티콘, 오렌지껍질오일, 올리브오일, 라벤더오일, 센티드제라늄꽃오일, 바질오일, 토코페릴아세테이트, 소듐아스코빌포스페이트, 판테놀, 글루타티온, 글리세릴리놀리네이트, 글리세릴아라키도네이트, 레티닐팔미테이트, 메나다이온, 바이오틴, 사이아노코발아민, 사카라이드아이소머레이트, 티아민에이치씨엘, 폴릭애씨드, 피리독신, 하이드롤라이즈드루핀단백질, 에틸헥실글리세린, 아데노신, 소듐하이알루로네이트, 알파-비사보롤, 소듐시트레이트, 토코페롤, 알부틴, 하이드로제네이티드레시틴, 세라마이드엔피, 수크로오스스테아레이트, 콜레스테롤, 콜레스테릴마카다미에이트, 팔미틱애씨드, 폴리글리세릴-10스테아레이트, 다이스테아다이모늄헥토라이트, 마그네슘설페이트, 메틸메타크릴레이트크로스폴리머, 비닐다이메티콘/메티콘실세스퀴옥세인크로스폴리머, 다이메티콘, 1,2-헥산다이올, 트라이에톡시카프릴릴실레인, 스테아릭애씨드, 알루미늄하이드록사이드, 솔비탄카프릴레이트, 다이카프릴릴카보네이트, 다이메티콘/피이지-10/15크로스폴리머, 글리세릴카프릴레이트, 다이메티콘/비닐다이메티콘크로스폴리머, 적색산화철, 황색산화철, 리날룰, 시트로넬올, 리모넨",20대,복합성,None,92,5190
차앤박(CNP) 마일드 카밍 선 50ml 1+1 기획,28000,"정제수, 징크옥사이드, 다이메티콘, 부틸옥틸살리실레이트, 폴리글리세릴-3폴리다이메틸실록시에틸다이메티콘, 다이프로필렌글라이콜, 글리세린, 라우릴폴리글리세릴-3폴리다이메틸실록시에틸다이메티콘, 1,2-헥산다이올, 다이스테아다이모늄헥토라이트, 아이소스테아릭애씨드, 마그네슘설페이트, 판테놀, 폴리메틸실세스퀴옥세인, 다이메티콘/폴리글리세린-3크로스폴리머, 트라이에톡시카프릴릴실레인, 벤조트라이아졸릴도데실P-크레솔, 피씨에이다이메티콘, 카프릴릭/카프릭트라이글리세라이드, 다이스테아릴다이모늄클로라이드, 아세타마이드엠이에이, 베티버뿌리오일, 육두구추출물, 팔미타마이드엠이에이, 사코신, 스쿠알란, 소듐시트레이트, 후추열매오일, 토코페롤, 생강오일, 마데카소사이드, 육계잎오일, 세라마이드엔피, 하이드로제네이티드레시틴, 다마스크장미꽃오일",20대,"건성, 복합성",None,93,216
컬러랩스 화이트태닝 100X 로션 300ml,32000,"정제수, 글리세린, 부틸렌글라이콜, 카프릴릭/카프릭트라이글리세라이드, 나이아신아마이드, 시어버터, 코코-카프릴레이트/카프레이트, C14-22알코올, 1,2-헥산다이올, 베타인, 펜틸렌글라이콜, 글리세릴스테아레이트에스이, 카프릴릴메티콘, 비즈왁스, 세테아릴알코올, 솔비탄세스퀴올리에이트, C12-20알킬글루코사이드, 암모늄아크릴로일다이메틸타우레이트/브이피코폴리머, 베르가모트오일, 오렌지껍질오일, 에틸헥실글리세린, 카프릴릴글라이콜, 알파-비사보롤, 닥나무껍질추출물, 해바라기씨오일, 아데노신, 잔탄검, 멕시칸주니퍼오일, 유자추출물, 에탄올, 센티드제라늄꽃오일, 레몬껍질오일, 소듐하이알루로네이트,유칼립투스잎오일, 글루코오스, 글루타티온, 자작나무수액, 꿀추출물, 프로폴리스추출물, 알로에베라잎추출물, 알로에베라잎수,진주추출물, 쇠비름추출물, 코코넛야자열매추출물, 비타민나무열매추출물, 인삼추출물, 당호박씨추출물, 하이드롤라이즈드옥수수단백질, 하이드롤라이즈드콩단백질, 하이드롤라이즈드익스텐신,하이드롤라이즈드쌀단백질, 하이드롤라이즈드감자단백질, 병풀추출물, 인삼잎/줄기추출물, 호장근뿌리추출물, 황금추출물, 스페인감초뿌리추출물, 녹차추출물, 로즈마리잎추출물, 마트리카리아꽃추출물, 하이드롤라이즈드콜라겐, 글리세릴카프릴레이트, 당느릅나무뿌리추출물, 대왕송잎추출물, 달맞이꽃추출물, 칡뿌리추출물, 리모넨, 리날룰, 시트로넬올, 제라니올","20대,30대","건성, 복합성",None,94,527
아벤느 비-프로텍트 썬크림 SPF50+ PA++++ 30ml,30000,"메칠렌비스-벤조트리아졸릴테트라메칠부틸페놀
비스에칠헥실옥시페놀메톡시페닐트리아진
디에칠헥실부타미도트리아존
부틸메톡시디벤조일메탄
아쿠아(아벤느 온천수)
C12-15알킬벤조에이트
다이카프릴릴카보네이트
정제수
실리카
알루미늄스타치옥테닐석시네이트
다이아이소프로필아디페이트
티타늄디옥사이드 (씨아이 77891)
데실글루코사이드
글리세릴스테아레이트
피이지-100스테아레이트
포타슘세틸포스페이트
브이피/에이코신코폴리머
아크릴레이트/암모늄메타크릴레이트코폴리머
아크릴레이트/C10-30알킬아크릴레이트크로스폴리머
알루미나
벤조익애씨드
부틸렌글라이콜
카프릴릭/카프릭트라이글리세라이드
카프릴릴글라이콜
다이소듐이디티에이
조합향료
글리세릴베헤네이트
글리세릴다이베헤네이트
황색산화철 (씨아이 77492)
적색산화철 (씨아이 77491)
흑색산화철 (씨아이 77499)
아이소프로필미리스테이트
옥소티아졸리딘
프로필렌글라이콜
소듐벤조에이트
소듐하이드록사이드
스테아릴알코올
토코페롤
토코페릴글루코사이드
트라이베헤닌
트라이에틸시트레이트
잔탄검",20대,복합성,None,95,430
[민감피부] 닥터지 그린마일드 업 선스틱 20g,25000,"옥틸도데칸올, 징크옥사이드, 세틸에틸헥사노에이트, 벤조트라이아졸릴도데실p-크레솔, 코코-카프릴레이트/카프레이트, C12-15알킬벤조에이트, 아이소프로필팔미테이트, 아크릴레이트코폴리머, 부틸렌글라이콜다이카프릴레이트/다이카프레이트, 실리카실릴레이트, 다이부틸라우로일글루타마이드, 다이부틸에틸헥사노일글루타마이드, 카프릴릭/카프릭트라이글리세라이드, 부틸옥틸살리실레이트, 덱스트린팔미테이트, 비닐다이메티콘, 비닐다이메티콘/메티콘실세스퀴옥세인크로스폴리머, 병풀추출물, 스피어민트추출물, 프랑스해안송껍질추출물, 타라열매추출물, 코토니추출물, 밀몽화꽃추출물, 녹차추출물, 은행나무잎추출물, 동백나무잎추출물, 로켓잎추출물, 밀싹추출물, 브로콜리싹추출물, 자주개자리추출물, 글리세릴카프릴레이트, 트라이에톡시카프릴릴실레인, 폴리하이드록시스테아릭애씨드, 폴리글리세릴-6폴리리시놀리에이트, 토코페롤, 정제수, 7-데하이드로콜레스테롤, 엑토인, 프로판다이올, 부틸렌글라이콜, 락토바실러스발효물, 1,2-헥산다이올, 향료",20대,복합성,None,96,3563
블랙몬스터 밸런싱 알로에 선크림 50ml,14000,"알로에베라잎추출물, 사이클로펜타실록세인, 호모살레이트, 에칠헥실살리실레이트, 티타늄디옥사이드, 다이프로필렌글라이콜, 실리카, 라우릴피이지-10트리스(트라이메틸록시)실릴에틸다이메티콘, 부틸옥틸살리실레이트, 카프릴릴메티콘, 다이부틸아디페이트, 디에칠아미노하이드록시벤조일헥실벤조에이트, 아크릴레이트코폴리머, C12-15알킬벤조에이트, 비스-에칠헥실옥시페놀메톡시페닐트리아진, 참마뿌리추출물, 다시마추출물, 당느릅나무뿌리추출물, 제비꽃꽃추출물, 실론시나몬나무껍질추출물, 연꽃꽃추출물, 센티드제라늄추출물, 오이풀뿌리추출물, 아선약추출물, 쿼터늄-18벤토나이트, 1,2-2헥산다이올, 다이메티콘/비닐다이메티콘크로스폴리머, 다이메티콘, 마그네슘설페이트, 알루미늄하이드록사이드, 스테아릭애씨드, 향료, 실리카다이메틸실릴레이트, 정제수, 아크릴레이트/다이메티콘코폴리머, 토코페릴아세테이트, 소듐벤조에이트, 다이소듐이디티에이, 글리세린, 포타슘솔베이트, 폴리하이드록시스테아릭애씨드, 에틸헥실팔미테이트, 아이소프로필미리스테이트, 아이소스테아릭애씨드, 레시틴, 크로뮴옥사이드그린, 폴리글리세릴-3폴리리시놀리에이트, 부틸렌글라이콜, 토코페롤","20대,40대 이상","건성, 복합성",None,97,10
성분에디터 그린토마토 포어 블러링 선크림 50g,24500,"정제수, 다이부틸아디페이트, 에칠헥실트리아존, 디에칠아미노하이드록시벤조일헥실벤조에이트, 부틸옥틸살리실레이트, 비스-에칠헥실옥시페놀메톡시페닐트리아진, 프로판다이올, 메틸프로판다이올, 페닐트라이메티콘, 카프릴릴메티콘, 나이아신아마이드, 티타늄디옥사이드 (CI 77891), 1,2-헥산다이올, 폴리글리세릴-3메틸글루코오스다이스테아레이트, 트로메타민, C30-45알킬세테아릴다이메티콘크로스폴리머, 부틸렌글라이콜, 브이피/에이코신코폴리머, 카보머, 암모늄아크릴로일다이메틸타우레이트/브이피코폴리머, 아크릴레이트/C10-30알킬아크릴레이트크로스폴리머, 폴리아크릴레이트크로스폴리머-6, 토마토추출물, 황련추출물, 서양배추출물, 다마스크장미꽃수, 치자추출물, 아데노신, 오리스뿌리추출물, 멜론추출물, 서양송악잎/줄기추출물, 글루타티온, 미로탐누스플라벨리폴리아잎추출물, 병풀잎추출물, 글리세린, 시트릭애씨드, 별꽃추출물, 소듐하이알루로네이트, 락토바실러스발효물, 하이알루로닉애씨드, 소듐하이알루로네이트크로스폴리머, 하이드롤라이즈드소듐하이알루로네이트, 하이드롤라이즈드하이알루로닉애씨드, 수용성콜라겐, 소듐아세틸레이티드하이알루로네이트, 하이드록시프로필트라이모늄하이알루로네이트, 하이드롤라이즈드콜라겐, 카퍼트라이펩타이드-1, 세린, 수크로오스, 글라이신, 칼슘클로라이드, 씨솔트, 알라닌, 마그네슘클로라이드, 트레오닌, 히스티딘, 아스파틱애씨드, 발린, 아텔로콜라겐, 프롤린, 다이포타슘포스페이트, 라이신, 류신, 타이로신, 아이소류신, 마그네슘시트레이트, 글루코사민에이치씨엘, 페닐알라닌, 글루타믹애씨드, 알지닌, 1-메틸하이단토인-2-이미드, 아스파라진, 시트룰린, 메티오닌, 타우린, 트립토판, 포믹애씨드, 글루타민, 시스테인, 스테아릴알코올, 세틸알코올, 에틸헥실글리세린, 소듐스테아로일글루타메이트, 알루미늄하이드록사이드, 트라이에톡시카프릴릴실레인, t-부틸알코올, 미리스틸알코올, 라우릴알코올, 마그네슘피씨에이",30대,복합성,None,98,44
가히 링클 바운스 에센셜 선크림 50ml,24500,"정제수,호모살레이트,에칠헥실메톡시신나메이트, 다이프로필렌글라이콜,에탄올,에칠헥실살리실레이트, 부틸렌글라이콜,부틸메톡시디벤조일메탄,나이아신아마이드,비스-에칠헥실 옥시페놀메톡시페닐트리아진, 다이부틸아디페이트, 글리세린, 옥토크릴렌, 펜틸렌글라이콜, 울금뿌리추출물,한련초추출물, 인도멀구슬나무잎추출물, 인도멀구슬나무꽃추출물, 드럼스틱씨오일, 참산호말추출물, 인도멀구슬나무껍질추출물, 홀리바질잎추출물,하이드롤라이즈드콜라겐, 카놀라오일, 타라열매추출물, 락토바실러스/호밀가루발효물, 락토바실러스/소이밀크발효여과물, 바실러스/소이빈발효추출물,클로렐라 불가리스추출물, 코토니추출물, 당근씨오일, 소듐하이알루로네이트,접시꽃추출물,당근추출물,해바라기씨오일, 하이알루로닉애씨드, 하이드롤라이즈드하이알루로닉애씨드, 폴리메틸실세스퀴옥세인, 실리카, 소듐아크릴레이트/소듐아크릴로일다이메틸타우레이트코폴리머, 아이소헥사데칸,글리세릴스테아레이트, 피이지-100스테아레이트, 카프릴릴글라이콜, 아크릴레이트코폴리머, 폴리솔베이트80, 에틸헥실글리세린, 아데노신, 솔비탄올리에이트,토코페롤, 1,2-헥산다이올, 수용성프로테오글리칸, 소듐디엔에이, 베타-카로틴, 토코페릴아세테이트, 하이드롤라이즈드소듐하이알루로네이트, 하이드록시프로필트라이모늄하이알루로네이트, 피이지-9다이글리시딜에터/소듐하이알루로네이트크로스폴리머, 포타슘하이알루로네이트, 소듐아세틸레이티드하이알루로네이트, 폴릭애씨드, 판토테닉애씨드, 프로판다이올, 피리독신, 티아민에이치씨엘, 사이아노코발아민, 하이드록시데실유비퀴논, 리보플라빈, 다이메틸실란올하이알루로네이트, 다이소듐이디티에이, 소듐벤조에이트, 향료, 벤질살리실레이트, 벤질벤조에이트, 부틸페닐메틸프로피오날, 헥실신남알, 하이드록시시트로넬알,시트로넬올",20대,"건성, 복합성",None,99,116
[선우PICK]메디힐 비타마이드 잡티 선크림 50ml 1+1 기획,25000,"정제수, 징크옥사이드, 프로필헵틸카프릴레이트, 부틸옥틸살리실레이트, 부틸렌글라이콜다이카프릴레이트/다이카프레이트, 프로판다이올, 티타늄디옥사이드, 다이카프릴릴에터, 카프릴릴메티콘, 폴리글리세릴-4다이아이소스테아레이트/폴리하이드록시스테아레이트/세바케이트, 나이아신아마이드(20,000 ppm), 메틸메타크릴레이트크로스폴리머, 폴리프로필실세스퀴옥세인, 트라이메틸실록시실리케이트, 다이스테아다이모늄헥토라이트, 마그네슘설페이트, 알루미늄하이드록사이드, 스테아릭애씨드, 트라이에톡시카프릴릴실레인, 1,2-헥산다이올, 폴리글리세릴-3폴리다이메틸실록시에틸다이메티콘, 다이메티콘/비닐다이메티콘크로스폴리머, 글리세릴카프릴레이트, 카프릴릴글라이콜, 다이카프릴릴카보네이트, 마이카, 에틸헥실글리세린, 아데노신, 적색산화철, 황색산화철, 토코페롤(38 ppm), 사이아노코발아민(1 ppm), 부틸렌글라이콜, 락토바실러스발효물, 별꽃추출물, 대왕송잎추출물, 칡뿌리추출물, 달맞이꽃꽃추출물, 당느릅나무뿌리추출물, 향료",20대,복합성,None,100,183
